dataset,mode,TW,dyn_stw,speculative,csr_compress,layer,readLatency,bufferLatency,icLatency,coreLatencyADC,coreLatencyAccum,coreLatencyOther,readDynamicEnergy,bufferDynamicEnergy,icDynamicEnergy,coreEnergyADC,coreEnergyAccum,coreEnergyOther,successRate,Sparsity,Compression ratio
CIFAR10DVS,PTB,16,False,False,False,1,6.10e+07,4.93e+07,9.50e+00,3.37e+04,9.59e+06,2.13e+06,7.18e+07,1.32e+05,9.16e+01,2.73e+05,6.47e+07,6.67e+06,0,0,0
CIFAR10DVS,PTB,16,False,False,False,2,3.71e+07,4.39e+06,7.05e+02,3.37e+04,3.21e+07,5.32e+05,9.52e+08,1.24e+06,7.78e+04,2.46e+06,9.47e+08,1.67e+06,0,0,0
CIFAR10DVS,PTB,16,False,False,False,3,1.36e+07,2.20e+06,7.05e+02,1.68e+04,1.13e+07,1.33e+05,3.08e+08,3.19e+05,7.78e+04,6.15e+05,3.07e+08,4.17e+05,0,0,0
CIFAR10DVS,PTB,16,False,False,False,4,3.51e+06,5.53e+05,7.05e+02,4.21e+03,2.92e+06,3.41e+04,6.71e+07,9.02e+04,7.78e+04,1.54e+05,6.66e+07,1.04e+05,0,0,0
CIFAR10DVS,PTB,16,False,False,False,5,2.42e+05,1.47e+05,1.76e+04,6.58e+01,7.49e+04,1.52e+03,2.62e+07,2.57e+06,1.47e+07,1.71e+04,8.90e+06,1.64e+03,0,0,0
CIFAR10DVS,PTB,16,False,False,False,6,4.35e+03,2.26e+03,7.06e+01,1.29e+00,9.00e+02,1.12e+03,1.75e+04,6.13e+02,2.46e+03,2.09e+01,1.43e+04,3.87e+01,0,0,0
IMAGENET,ComPASS,0,True,False,False,1,1.94e+07,1.86e+07,2.04e+02,3.22e+03,6.46e+05,1.61e+05,2.88e+08,1.86e+06,1.11e+04,4.71e+05,2.85e+08,6.39e+05,0,0,0
IMAGENET,ComPASS,0,True,False,False,2,1.95e+07,1.86e+07,2.04e+02,3.22e+03,6.81e+05,1.61e+05,1.62e+08,1.86e+06,1.11e+04,4.71e+05,1.60e+08,6.39e+05,0,0,0
IMAGENET,ComPASS,0,True,False,False,3,1.95e+07,1.86e+07,2.04e+02,3.22e+03,7.30e+05,1.61e+05,3.33e+08,1.86e+06,1.11e+04,4.71e+05,3.30e+08,6.39e+05,0,0,0
IMAGENET,ComPASS,0,True,False,False,4,1.95e+07,1.86e+07,2.04e+02,3.22e+03,6.87e+05,1.61e+05,2.26e+08,1.86e+06,1.11e+04,4.71e+05,2.23e+08,6.39e+05,0,0,0
IMAGENET,ComPASS,0,True,False,False,5,5.55e+06,5.13e+06,3.52e+02,1.61e+03,3.45e+05,8.06e+04,1.79e+08,4.69e+05,2.04e+04,2.36e+05,1.78e+08,3.19e+05,0,0,0
IMAGENET,ComPASS,0,True,False,False,6,2.14e+07,2.01e+07,7.05e+02,6.45e+03,1.26e+06,8.06e+04,1.64e+08,9.42e+05,7.80e+04,4.71e+05,1.62e+08,3.19e+05,0,0,0
IMAGENET,ComPASS,0,True,False,False,7,2.15e+07,2.01e+07,7.05e+02,6.45e+03,1.30e+06,8.06e+04,2.96e+08,9.42e+05,7.80e+04,4.71e+05,2.94e+08,3.19e+05,0,0,0
IMAGENET,ComPASS,0,True,False,False,8,2.13e+07,2.01e+07,7.05e+02,6.45e+03,1.12e+06,8.06e+04,6.54e+07,9.42e+05,7.80e+04,4.71e+05,6.36e+07,3.19e+05,0,0,0
IMAGENET,ComPASS,0,True,False,False,9,3.14e+06,2.77e+06,1.30e+03,1.61e+03,3.29e+05,4.03e+04,1.21e+08,2.59e+05,1.49e+05,2.36e+05,1.21e+08,1.60e+05,0,0,0
IMAGENET,ComPASS,0,True,False,False,10,1.13e+07,1.01e+07,2.59e+03,6.45e+03,1.16e+06,4.03e+04,8.54e+07,5.69e+05,5.96e+05,4.71e+05,8.36e+07,1.60e+05,0,0,0
IMAGENET,ComPASS,0,True,False,False,11,1.13e+07,1.01e+07,2.59e+03,6.45e+03,1.22e+06,4.03e+04,1.93e+08,5.69e+05,5.96e+05,4.71e+05,1.92e+08,1.60e+05,0,0,0
IMAGENET,ComPASS,0,True,False,False,12,1.11e+07,1.01e+07,2.59e+03,6.45e+03,1.01e+06,4.03e+04,6.89e+07,5.69e+05,5.96e+05,4.71e+05,6.71e+07,1.60e+05,0,0,0
IMAGENET,ComPASS,0,True,False,False,13,1.75e+06,1.42e+06,4.96e+03,1.61e+03,3.05e+05,2.02e+04,8.76e+07,3.20e+05,1.16e+06,2.36e+05,8.58e+07,7.98e+04,0,0,0
IMAGENET,ComPASS,0,True,False,False,14,3.09e+06,2.59e+06,9.93e+03,3.22e+03,4.69e+05,2.02e+04,5.34e+07,1.05e+06,4.66e+06,4.71e+05,4.72e+07,7.98e+04,0,0,0
IMAGENET,ComPASS,0,True,False,False,15,3.22e+06,2.59e+06,9.93e+03,3.22e+03,5.93e+05,2.02e+04,8.12e+07,1.05e+06,4.66e+06,4.71e+05,7.50e+07,7.98e+04,0,0,0
IMAGENET,ComPASS,0,True,False,False,16,1.43e+06,8.97e+05,9.93e+03,3.22e+03,4.97e+05,2.24e+04,7.60e+07,8.72e+05,4.66e+06,4.71e+05,6.99e+07,7.98e+04,0,0,0
DVS128GestureSimplify,ComPASS,0,True,True,False,1,5.22e+07,4.93e+07,9.50e+00,3.37e+04,7.19e+05,2.13e+06,2.36e+07,1.32e+05,9.18e+01,2.73e+05,1.65e+07,6.67e+06,0.81,0,0
DVS128GestureSimplify,ComPASS,0,True,True,False,2,6.82e+06,4.39e+06,7.05e+02,3.37e+04,1.87e+06,5.32e+05,2.67e+08,1.24e+06,7.80e+04,2.46e+06,2.61e+08,1.67e+06,0.87,0,0
DVS128GestureSimplify,ComPASS,0,True,True,False,3,2.98e+06,2.20e+06,7.05e+02,1.68e+04,6.32e+05,1.33e+05,4.24e+07,3.19e+05,7.80e+04,6.15e+05,4.09e+07,4.17e+05,0.92,0,0
DVS128GestureSimplify,ComPASS,0,True,True,False,4,8.93e+05,5.53e+05,7.05e+02,4.21e+03,3.01e+05,3.41e+04,1.55e+07,9.02e+04,7.80e+04,1.54e+05,1.51e+07,1.04e+05,0.76,0,0
DVS128GestureSimplify,ComPASS,0,True,True,False,5,1.82e+05,1.47e+05,1.76e+04,6.58e+01,1.48e+04,1.52e+03,2.38e+07,2.57e+06,1.47e+07,1.71e+04,6.47e+06,1.64e+03,0.51,0,0
DVS128GestureSimplify,ComPASS,0,True,True,False,6,3.63e+03,2.29e+03,7.26e+01,1.41e+00,1.49e+02,1.12e+03,7.12e+03,6.32e+02,2.57e+03,2.29e+01,3.85e+03,4.28e+01,0.91,0,0
IMAGENET,ComPASS,48,False,False,False,1,1.92e+07,1.86e+07,2.04e+02,3.22e+03,4.32e+05,1.61e+05,1.80e+08,1.86e+06,1.11e+04,4.71e+05,1.74e+08,6.39e+05,0,0,0
IMAGENET,ComPASS,48,False,False,False,2,1.95e+07,1.86e+07,2.04e+02,3.22e+03,6.62e+05,1.61e+05,1.64e+08,1.86e+06,1.11e+04,4.71e+05,1.59e+08,6.39e+05,0,0,0
IMAGENET,ComPASS,48,False,False,False,3,1.93e+07,1.86e+07,2.04e+02,3.22e+03,5.33e+05,1.61e+05,2.32e+08,1.86e+06,1.11e+04,4.71e+05,2.26e+08,6.39e+05,0,0,0
IMAGENET,ComPASS,48,False,False,False,4,1.95e+07,1.86e+07,2.04e+02,3.22e+03,6.73e+05,1.61e+05,2.30e+08,1.86e+06,1.11e+04,4.71e+05,2.25e+08,6.39e+05,0,0,0
IMAGENET,ComPASS,48,False,False,False,5,5.41e+06,5.13e+06,3.52e+02,1.61e+03,2.00e+05,8.06e+04,9.68e+07,4.69e+05,2.04e+04,2.36e+05,9.51e+07,3.19e+05,0,0,0
IMAGENET,ComPASS,48,False,False,False,6,2.12e+07,2.01e+07,7.05e+02,6.45e+03,1.02e+06,8.06e+04,1.40e+08,9.42e+05,7.80e+04,4.71e+05,1.37e+08,3.19e+05,0,0,0
IMAGENET,ComPASS,48,False,False,False,7,2.06e+07,2.01e+07,7.05e+02,6.45e+03,4.10e+05,8.06e+04,9.39e+07,9.42e+05,7.80e+04,4.71e+05,9.09e+07,3.19e+05,0,0,0
IMAGENET,ComPASS,48,False,False,False,8,2.09e+07,2.01e+07,7.05e+02,6.45e+03,7.67e+05,8.06e+04,5.16e+07,9.42e+05,7.80e+04,4.71e+05,4.86e+07,3.19e+05,0,0,0
IMAGENET,ComPASS,48,False,False,False,9,2.94e+06,2.77e+06,1.30e+03,1.61e+03,1.24e+05,4.03e+04,4.41e+07,2.59e+05,1.49e+05,2.36e+05,4.27e+07,1.60e+05,0,0,0
IMAGENET,ComPASS,48,False,False,False,10,1.09e+07,1.01e+07,2.59e+03,6.45e+03,7.80e+05,4.03e+04,5.85e+07,5.69e+05,5.96e+05,4.71e+05,5.55e+07,1.60e+05,0,0,0
IMAGENET,ComPASS,48,False,False,False,11,1.06e+07,1.01e+07,2.59e+03,6.45e+03,4.52e+05,4.03e+04,7.55e+07,5.69e+05,5.96e+05,4.71e+05,7.24e+07,1.60e+05,0,0,0
IMAGENET,ComPASS,48,False,False,False,12,1.08e+07,1.01e+07,2.59e+03,6.45e+03,6.55e+05,4.03e+04,4.89e+07,5.69e+05,5.96e+05,4.71e+05,4.59e+07,1.60e+05,0,0,0
IMAGENET,ComPASS,48,False,False,False,13,1.55e+06,1.42e+06,4.96e+03,1.61e+03,1.07e+05,2.02e+04,3.01e+07,3.20e+05,1.16e+06,2.36e+05,2.77e+07,7.98e+04,0,0,0
IMAGENET,ComPASS,48,False,False,False,14,2.81e+06,2.59e+06,9.93e+03,3.22e+03,1.86e+05,2.02e+04,2.92e+07,1.05e+06,4.66e+06,4.71e+05,2.17e+07,7.98e+04,0,0,0
IMAGENET,ComPASS,48,False,False,False,15,2.86e+06,2.59e+06,9.93e+03,3.22e+03,2.39e+05,2.02e+04,4.03e+07,1.05e+06,4.66e+06,4.71e+05,3.28e+07,7.98e+04,0,0,0
IMAGENET,ComPASS,48,False,False,False,16,1.29e+06,8.97e+05,9.93e+03,3.22e+03,3.53e+05,2.24e+04,6.05e+07,8.72e+05,4.66e+06,4.71e+05,5.32e+07,7.98e+04,0,0,0
IMAGENET,ComPASS,8,False,False,False,1,1.93e+07,1.86e+07,2.04e+02,3.22e+03,5.01e+05,1.61e+05,2.23e+08,1.86e+06,1.11e+04,4.71e+05,2.18e+08,6.39e+05,0,0,0
IMAGENET,ComPASS,8,False,False,False,2,1.96e+07,1.86e+07,2.04e+02,3.22e+03,7.71e+05,1.61e+05,1.90e+08,1.86e+06,1.11e+04,4.71e+05,1.85e+08,6.39e+05,0,0,0
IMAGENET,ComPASS,8,False,False,False,3,1.94e+07,1.86e+07,2.04e+02,3.22e+03,6.04e+05,1.61e+05,2.73e+08,1.86e+06,1.11e+04,4.71e+05,2.68e+08,6.39e+05,0,0,0
IMAGENET,ComPASS,8,False,False,False,4,1.95e+07,1.86e+07,2.04e+02,3.22e+03,7.24e+05,1.61e+05,2.60e+08,1.86e+06,1.11e+04,4.71e+05,2.54e+08,6.39e+05,0,0,0
IMAGENET,ComPASS,8,False,False,False,5,5.44e+06,5.13e+06,3.52e+02,1.61e+03,2.31e+05,8.06e+04,1.15e+08,4.69e+05,2.04e+04,2.36e+05,1.14e+08,3.19e+05,0,0,0
IMAGENET,ComPASS,8,False,False,False,6,2.14e+07,2.01e+07,7.05e+02,6.45e+03,1.21e+06,8.06e+04,1.59e+08,9.42e+05,7.80e+04,4.71e+05,1.56e+08,3.19e+05,0,0,0
IMAGENET,ComPASS,8,False,False,False,7,2.08e+07,2.01e+07,7.05e+02,6.45e+03,6.34e+05,8.06e+04,1.35e+08,9.42e+05,7.80e+04,4.71e+05,1.32e+08,3.19e+05,0,0,0
IMAGENET,ComPASS,8,False,False,False,8,2.10e+07,2.01e+07,7.05e+02,6.45e+03,8.24e+05,8.06e+04,5.92e+07,9.42e+05,7.80e+04,4.71e+05,5.61e+07,3.19e+05,0,0,0
IMAGENET,ComPASS,8,False,False,False,9,2.99e+06,2.77e+06,1.30e+03,1.61e+03,1.78e+05,4.03e+04,6.17e+07,2.59e+05,1.49e+05,2.36e+05,6.03e+07,1.60e+05,0,0,0
IMAGENET,ComPASS,8,False,False,False,10,1.09e+07,1.01e+07,2.59e+03,6.45e+03,8.20e+05,4.03e+04,6.63e+07,5.69e+05,5.96e+05,4.71e+05,6.32e+07,1.60e+05,0,0,0
IMAGENET,ComPASS,8,False,False,False,11,1.07e+07,1.01e+07,2.59e+03,6.45e+03,5.81e+05,4.03e+04,9.21e+07,5.69e+05,5.96e+05,4.71e+05,8.91e+07,1.60e+05,0,0,0
IMAGENET,ComPASS,8,False,False,False,12,1.08e+07,1.01e+07,2.59e+03,6.45e+03,6.76e+05,4.03e+04,5.45e+07,5.69e+05,5.96e+05,4.71e+05,5.15e+07,1.60e+05,0,0,0
IMAGENET,ComPASS,8,False,False,False,13,1.60e+06,1.42e+06,4.96e+03,1.61e+03,1.55e+05,2.02e+04,4.14e+07,3.20e+05,1.16e+06,2.36e+05,3.90e+07,7.98e+04,0,0,0
IMAGENET,ComPASS,8,False,False,False,14,2.86e+06,2.59e+06,9.93e+03,3.22e+03,2.38e+05,2.02e+04,3.55e+07,1.05e+06,4.66e+06,4.71e+05,2.80e+07,7.98e+04,0,0,0
IMAGENET,ComPASS,8,False,False,False,15,2.94e+06,2.59e+06,9.93e+03,3.22e+03,3.17e+05,2.02e+04,5.18e+07,1.05e+06,4.66e+06,4.71e+05,4.43e+07,7.98e+04,0,0,0
IMAGENET,ComPASS,8,False,False,False,16,1.23e+06,8.97e+05,9.93e+03,3.22e+03,3.00e+05,2.24e+04,5.69e+07,8.72e+05,4.66e+06,4.71e+05,4.95e+07,7.98e+04,0,0,0
IMAGENET,PTB,24,False,False,False,1,2.86e+07,1.86e+07,2.04e+02,3.22e+03,9.78e+06,1.61e+05,2.86e+08,1.86e+06,1.10e+04,4.71e+05,2.83e+08,6.39e+05,0,0,0
IMAGENET,PTB,24,False,False,False,2,2.21e+07,1.86e+07,2.04e+02,3.22e+03,3.30e+06,1.61e+05,1.60e+08,1.86e+06,1.10e+04,4.71e+05,1.57e+08,6.39e+05,0,0,0
IMAGENET,PTB,24,False,False,False,3,2.73e+07,1.86e+07,2.04e+02,3.22e+03,8.48e+06,1.61e+05,3.30e+08,1.86e+06,1.10e+04,4.71e+05,3.27e+08,6.39e+05,0,0,0
IMAGENET,PTB,24,False,False,False,4,2.13e+07,1.86e+07,2.04e+02,3.22e+03,2.55e+06,1.61e+05,2.24e+08,1.86e+06,1.10e+04,4.71e+05,2.21e+08,6.39e+05,0,0,0
IMAGENET,PTB,24,False,False,False,5,8.39e+06,5.13e+06,3.52e+02,1.61e+03,3.19e+06,8.06e+04,1.79e+08,4.69e+05,2.04e+04,2.36e+05,1.78e+08,3.19e+05,0,0,0
IMAGENET,PTB,24,False,False,False,6,2.69e+07,2.01e+07,7.05e+02,6.45e+03,6.76e+06,8.06e+04,1.63e+08,9.42e+05,7.78e+04,4.71e+05,1.61e+08,3.19e+05,0,0,0
IMAGENET,PTB,24,False,False,False,7,3.15e+07,2.01e+07,7.05e+02,6.45e+03,1.13e+07,8.06e+04,2.94e+08,9.42e+05,7.78e+04,4.71e+05,2.93e+08,3.19e+05,0,0,0
IMAGENET,PTB,24,False,False,False,8,2.44e+07,2.01e+07,7.05e+02,6.45e+03,4.28e+06,8.06e+04,6.42e+07,9.42e+05,7.78e+04,4.71e+05,6.23e+07,3.19e+05,0,0,0
IMAGENET,PTB,24,False,False,False,9,5.74e+06,2.77e+06,1.30e+03,1.61e+03,2.93e+06,4.03e+04,1.21e+08,2.59e+05,1.49e+05,2.36e+05,1.20e+08,1.60e+05,0,0,0
IMAGENET,PTB,24,False,False,False,10,1.47e+07,1.01e+07,2.59e+03,6.45e+03,4.55e+06,4.03e+04,8.42e+07,5.69e+05,5.95e+05,4.71e+05,8.24e+07,1.60e+05,0,0,0
IMAGENET,PTB,24,False,False,False,11,1.73e+07,1.01e+07,2.59e+03,6.45e+03,7.23e+06,4.03e+04,1.92e+08,5.69e+05,5.95e+05,4.71e+05,1.90e+08,1.60e+05,0,0,0
IMAGENET,PTB,24,False,False,False,12,1.32e+07,1.01e+07,2.59e+03,6.45e+03,3.05e+06,4.03e+04,6.76e+07,5.69e+05,5.95e+05,4.71e+05,6.58e+07,1.60e+05,0,0,0
IMAGENET,PTB,24,False,False,False,13,2.93e+06,1.42e+06,4.96e+03,1.61e+03,1.48e+06,2.02e+04,8.70e+07,3.20e+05,1.16e+06,2.36e+05,8.52e+07,7.98e+04,0,0,0
IMAGENET,PTB,24,False,False,False,14,3.87e+06,2.59e+06,9.93e+03,3.22e+03,1.25e+06,2.02e+04,5.22e+07,1.05e+06,4.65e+06,4.71e+05,4.59e+07,7.98e+04,0,0,0
IMAGENET,PTB,24,False,False,False,15,5.18e+06,2.59e+06,9.93e+03,3.22e+03,2.56e+06,2.02e+04,7.99e+07,1.05e+06,4.65e+06,4.71e+05,7.37e+07,7.98e+04,0,0,0
IMAGENET,PTB,24,False,False,False,16,2.40e+06,8.97e+05,9.93e+03,3.22e+03,1.46e+06,2.24e+04,7.47e+07,8.72e+05,4.65e+06,4.71e+05,6.87e+07,7.98e+04,0,0,0
CIFAR10DVS,PTB,32,False,False,False,1,7.05e+07,4.93e+07,9.50e+00,3.37e+04,1.91e+07,2.13e+06,7.18e+07,1.32e+05,9.16e+01,2.73e+05,6.47e+07,6.67e+06,0,0,0
CIFAR10DVS,PTB,32,False,False,False,2,6.88e+07,4.39e+06,7.05e+02,3.37e+04,6.38e+07,5.32e+05,9.52e+08,1.24e+06,7.78e+04,2.46e+06,9.47e+08,1.67e+06,0,0,0
CIFAR10DVS,PTB,32,False,False,False,3,2.48e+07,2.20e+06,7.05e+02,1.68e+04,2.24e+07,1.33e+05,3.08e+08,3.19e+05,7.78e+04,6.15e+05,3.07e+08,4.17e+05,0,0,0
CIFAR10DVS,PTB,32,False,False,False,4,6.40e+06,5.53e+05,7.05e+02,4.21e+03,5.81e+06,3.41e+04,6.71e+07,9.02e+04,7.78e+04,1.54e+05,6.66e+07,1.04e+05,0,0,0
CIFAR10DVS,PTB,32,False,False,False,5,3.10e+05,1.47e+05,1.76e+04,6.58e+01,1.43e+05,1.52e+03,2.62e+07,2.57e+06,1.47e+07,1.71e+04,8.90e+06,1.64e+03,0,0,0
CIFAR10DVS,PTB,32,False,False,False,6,5.14e+03,2.26e+03,7.06e+01,1.29e+00,1.69e+03,1.12e+03,1.75e+04,6.13e+02,2.46e+03,2.09e+01,1.43e+04,3.87e+01,0,0,0
IMAGENET,ComPASS,1,False,False,False,1,1.94e+07,1.86e+07,2.04e+02,3.22e+03,6.46e+05,1.61e+05,2.86e+08,1.86e+06,1.11e+04,4.71e+05,2.83e+08,6.39e+05,0,0,0
IMAGENET,ComPASS,1,False,False,False,2,1.95e+07,1.86e+07,2.04e+02,3.22e+03,6.81e+05,1.61e+05,1.60e+08,1.86e+06,1.11e+04,4.71e+05,1.57e+08,6.39e+05,0,0,0
IMAGENET,ComPASS,1,False,False,False,3,1.95e+07,1.86e+07,2.04e+02,3.22e+03,7.30e+05,1.61e+05,3.30e+08,1.86e+06,1.11e+04,4.71e+05,3.27e+08,6.39e+05,0,0,0
IMAGENET,ComPASS,1,False,False,False,4,1.95e+07,1.86e+07,2.04e+02,3.22e+03,6.87e+05,1.61e+05,2.24e+08,1.86e+06,1.11e+04,4.71e+05,2.21e+08,6.39e+05,0,0,0
IMAGENET,ComPASS,1,False,False,False,5,5.55e+06,5.13e+06,3.52e+02,1.61e+03,3.45e+05,8.06e+04,1.79e+08,4.69e+05,2.04e+04,2.36e+05,1.78e+08,3.19e+05,0,0,0
IMAGENET,ComPASS,1,False,False,False,6,2.14e+07,2.01e+07,7.05e+02,6.45e+03,1.26e+06,8.06e+04,1.63e+08,9.42e+05,7.80e+04,4.71e+05,1.61e+08,3.19e+05,0,0,0
IMAGENET,ComPASS,1,False,False,False,7,2.15e+07,2.01e+07,7.05e+02,6.45e+03,1.30e+06,8.06e+04,2.94e+08,9.42e+05,7.80e+04,4.71e+05,2.93e+08,3.19e+05,0,0,0
IMAGENET,ComPASS,1,False,False,False,8,2.13e+07,2.01e+07,7.05e+02,6.45e+03,1.12e+06,8.06e+04,6.42e+07,9.42e+05,7.80e+04,4.71e+05,6.23e+07,3.19e+05,0,0,0
IMAGENET,ComPASS,1,False,False,False,9,3.14e+06,2.77e+06,1.30e+03,1.61e+03,3.29e+05,4.03e+04,1.21e+08,2.59e+05,1.49e+05,2.36e+05,1.20e+08,1.60e+05,0,0,0
IMAGENET,ComPASS,1,False,False,False,10,1.13e+07,1.01e+07,2.59e+03,6.45e+03,1.16e+06,4.03e+04,8.42e+07,5.69e+05,5.96e+05,4.71e+05,8.24e+07,1.60e+05,0,0,0
IMAGENET,ComPASS,1,False,False,False,11,1.13e+07,1.01e+07,2.59e+03,6.45e+03,1.22e+06,4.03e+04,1.92e+08,5.69e+05,5.96e+05,4.71e+05,1.90e+08,1.60e+05,0,0,0
IMAGENET,ComPASS,1,False,False,False,12,1.11e+07,1.01e+07,2.59e+03,6.45e+03,1.01e+06,4.03e+04,6.76e+07,5.69e+05,5.96e+05,4.71e+05,6.58e+07,1.60e+05,0,0,0
IMAGENET,ComPASS,1,False,False,False,13,1.75e+06,1.42e+06,4.96e+03,1.61e+03,3.05e+05,2.02e+04,8.70e+07,3.20e+05,1.16e+06,2.36e+05,8.52e+07,7.98e+04,0,0,0
IMAGENET,ComPASS,1,False,False,False,14,3.09e+06,2.59e+06,9.93e+03,3.22e+03,4.69e+05,2.02e+04,5.22e+07,1.05e+06,4.66e+06,4.71e+05,4.59e+07,7.98e+04,0,0,0
IMAGENET,ComPASS,1,False,False,False,15,3.22e+06,2.59e+06,9.93e+03,3.22e+03,5.93e+05,2.02e+04,8.00e+07,1.05e+06,4.66e+06,4.71e+05,7.37e+07,7.98e+04,0,0,0
IMAGENET,ComPASS,1,False,False,False,16,1.43e+06,8.97e+05,9.93e+03,3.22e+03,4.97e+05,2.24e+04,7.47e+07,8.72e+05,4.66e+06,4.71e+05,6.87e+07,7.98e+04,0,0,0
IMAGENET,ComPASS,0,True,True,True,1,1.83e+07,1.78e+07,1.95e+02,3.22e+03,3.70e+05,1.61e+05,1.62e+08,1.77e+06,1.06e+04,4.71e+05,1.59e+08,6.39e+05,0.61,0.591,0.955
IMAGENET,ComPASS,0,True,True,True,2,8.67e+06,7.96e+06,8.72e+01,3.22e+03,5.46e+05,1.61e+05,1.50e+08,7.93e+05,4.73e+03,4.71e+05,1.48e+08,6.39e+05,0.19,0.936,0.427
IMAGENET,ComPASS,0,True,True,True,3,1.91e+07,1.85e+07,2.02e+02,3.22e+03,4.89e+05,1.61e+05,2.17e+08,1.84e+06,1.10e+04,4.71e+05,2.14e+08,6.39e+05,0.51,0.703,0.991
IMAGENET,ComPASS,0,True,True,True,4,1.11e+07,1.03e+07,1.13e+02,3.22e+03,6.12e+05,1.61e+05,2.16e+08,1.03e+06,6.12e+03,4.71e+05,2.14e+08,6.39e+05,0.16,0.923,0.553
IMAGENET,ComPASS,0,True,True,True,5,5.43e+06,5.20e+06,3.58e+02,1.61e+03,1.45e+05,8.06e+04,7.45e+07,4.76e+05,2.07e+04,2.36e+05,7.34e+07,3.19e+05,0.67,0.73,1.015
IMAGENET,ComPASS,0,True,True,True,6,8.08e+06,7.22e+06,2.54e+02,6.45e+03,7.71e+05,8.06e+04,1.21e+08,3.39e+05,2.81e+04,4.71e+05,1.20e+08,3.19e+05,0.36,0.952,0.36
IMAGENET,ComPASS,0,True,True,True,7,1.57e+07,1.53e+07,5.36e+02,6.45e+03,3.50e+05,8.06e+04,8.22e+07,7.17e+05,5.93e+04,4.71e+05,8.07e+07,3.19e+05,0.86,0.845,0.761
IMAGENET,ComPASS,0,True,True,True,8,3.95e+06,3.35e+06,1.18e+02,6.45e+03,5.16e+05,8.06e+04,4.46e+07,1.57e+05,1.30e+04,4.71e+05,4.37e+07,3.19e+05,0.49,0.983,0.167
IMAGENET,ComPASS,0,True,True,True,9,1.77e+06,1.63e+06,7.61e+02,1.61e+03,1.07e+05,4.03e+04,3.93e+07,1.52e+05,8.75e+04,2.36e+05,3.88e+07,1.60e+05,0.81,0.902,0.587
IMAGENET,ComPASS,0,True,True,True,10,2.96e+06,2.22e+06,5.73e+02,6.45e+03,7.05e+05,4.03e+04,5.17e+07,1.26e+05,1.32e+05,4.71e+05,5.17e+07,1.60e+05,0.55,0.974,0.221
IMAGENET,ComPASS,0,True,True,True,11,5.52e+06,5.08e+06,1.31e+03,6.45e+03,4.06e+05,4.03e+04,6.68e+07,2.87e+05,3.01e+05,4.71e+05,6.61e+07,1.60e+05,0.82,0.929,0.505
IMAGENET,ComPASS,0,True,True,True,12,2.60e+06,1.94e+06,5.01e+02,6.45e+03,6.33e+05,4.03e+04,4.65e+07,1.10e+05,1.15e+05,4.71e+05,4.66e+07,1.60e+05,0.59,0.981,0.193
IMAGENET,ComPASS,0,True,True,True,13,7.21e+05,6.26e+05,2.19e+03,1.61e+03,9.66e+04,2.02e+04,2.52e+07,1.41e+05,5.13e+05,2.36e+05,2.55e+07,7.98e+04,0.87,0.94,0.441
IMAGENET,ComPASS,0,True,True,True,14,5.17e+05,3.91e+05,1.50e+03,3.22e+03,1.80e+05,2.02e+04,1.61e+07,1.58e+05,7.03e+05,4.71e+05,2.20e+07,7.98e+04,0.82,0.987,0.151
IMAGENET,ComPASS,0,True,True,True,15,6.96e+05,5.28e+05,2.02e+03,3.22e+03,2.16e+05,2.02e+04,2.58e+07,2.13e+05,9.50e+05,4.71e+05,3.10e+07,7.98e+04,0.80,0.975,0.204
IMAGENET,ComPASS,0,True,True,True,16,4.97e+05,2.02e+05,2.23e+03,3.22e+03,3.40e+05,2.24e+04,5.58e+07,1.96e+05,1.05e+06,4.71e+05,6.07e+07,7.98e+04,0.66,0.978,0.225
DVS128GestureSimplify,ComPASS,1,False,False,False,1,5.26e+07,4.93e+07,9.50e+00,3.37e+04,1.11e+06,2.13e+06,3.12e+07,1.32e+05,9.18e+01,2.73e+05,2.41e+07,6.67e+06,0,0,0
DVS128GestureSimplify,ComPASS,1,False,False,False,2,1.12e+07,4.39e+06,7.05e+02,3.37e+04,6.27e+06,5.32e+05,7.68e+08,1.24e+06,7.80e+04,2.46e+06,7.63e+08,1.67e+06,0,0,0
DVS128GestureSimplify,ComPASS,1,False,False,False,3,5.26e+06,2.20e+06,7.05e+02,1.68e+04,2.91e+06,1.33e+05,1.39e+08,3.19e+05,7.80e+04,6.15e+05,1.38e+08,4.17e+05,0,0,0
DVS128GestureSimplify,ComPASS,1,False,False,False,4,1.29e+06,5.53e+05,7.05e+02,4.21e+03,6.99e+05,3.41e+04,2.61e+07,9.02e+04,7.80e+04,1.54e+05,2.57e+07,1.04e+05,0,0,0
DVS128GestureSimplify,ComPASS,1,False,False,False,5,1.86e+05,1.47e+05,1.76e+04,6.58e+01,1.94e+04,1.52e+03,2.65e+07,2.57e+06,1.47e+07,1.71e+04,9.17e+06,1.64e+03,0,0,0
DVS128GestureSimplify,ComPASS,1,False,False,False,6,3.87e+03,2.29e+03,7.26e+01,1.41e+00,3.86e+02,1.12e+03,2.19e+04,6.32e+02,2.57e+03,2.29e+01,1.86e+04,4.28e+01,0,0,0
IMAGENET,ComPASS,16,False,False,False,1,1.93e+07,1.86e+07,2.04e+02,3.22e+03,4.63e+05,1.61e+05,2.01e+08,1.86e+06,1.11e+04,4.71e+05,1.95e+08,6.39e+05,0,0,0
IMAGENET,ComPASS,16,False,False,False,2,1.95e+07,1.86e+07,2.04e+02,3.22e+03,7.16e+05,1.61e+05,1.79e+08,1.86e+06,1.11e+04,4.71e+05,1.73e+08,6.39e+05,0,0,0
IMAGENET,ComPASS,16,False,False,False,3,1.94e+07,1.86e+07,2.04e+02,3.22e+03,5.75e+05,1.61e+05,2.56e+08,1.86e+06,1.11e+04,4.71e+05,2.51e+08,6.39e+05,0,0,0
IMAGENET,ComPASS,16,False,False,False,4,1.95e+07,1.86e+07,2.04e+02,3.22e+03,7.11e+05,1.61e+05,2.47e+08,1.86e+06,1.11e+04,4.71e+05,2.42e+08,6.39e+05,0,0,0
IMAGENET,ComPASS,16,False,False,False,5,5.42e+06,5.13e+06,3.52e+02,1.61e+03,2.15e+05,8.06e+04,1.06e+08,4.69e+05,2.04e+04,2.36e+05,1.05e+08,3.19e+05,0,0,0
IMAGENET,ComPASS,16,False,False,False,6,2.13e+07,2.01e+07,7.05e+02,6.45e+03,1.14e+06,8.06e+04,1.52e+08,9.42e+05,7.80e+04,4.71e+05,1.48e+08,3.19e+05,0,0,0
IMAGENET,ComPASS,16,False,False,False,7,2.07e+07,2.01e+07,7.05e+02,6.45e+03,5.25e+05,8.06e+04,1.15e+08,9.42e+05,7.80e+04,4.71e+05,1.12e+08,3.19e+05,0,0,0
IMAGENET,ComPASS,16,False,False,False,8,2.10e+07,2.01e+07,7.05e+02,6.45e+03,8.01e+05,8.06e+04,5.67e+07,9.42e+05,7.80e+04,4.71e+05,5.36e+07,3.19e+05,0,0,0
IMAGENET,ComPASS,16,False,False,False,9,2.96e+06,2.77e+06,1.30e+03,1.61e+03,1.52e+05,4.03e+04,5.36e+07,2.59e+05,1.49e+05,2.36e+05,5.22e+07,1.60e+05,0,0,0
IMAGENET,ComPASS,16,False,False,False,10,1.09e+07,1.01e+07,2.59e+03,6.45e+03,8.24e+05,4.03e+04,6.40e+07,5.69e+05,5.96e+05,4.71e+05,6.10e+07,1.60e+05,0,0,0
IMAGENET,ComPASS,16,False,False,False,11,1.06e+07,1.01e+07,2.59e+03,6.45e+03,4.87e+05,4.03e+04,8.38e+07,5.69e+05,5.96e+05,4.71e+05,8.07e+07,1.60e+05,0,0,0
IMAGENET,ComPASS,16,False,False,False,12,1.08e+07,1.01e+07,2.59e+03,6.45e+03,6.90e+05,4.03e+04,5.25e+07,5.69e+05,5.96e+05,4.71e+05,4.95e+07,1.60e+05,0,0,0
IMAGENET,ComPASS,16,False,False,False,13,1.58e+06,1.42e+06,4.96e+03,1.61e+03,1.31e+05,2.02e+04,3.60e+07,3.20e+05,1.16e+06,2.36e+05,3.36e+07,7.98e+04,0,0,0
IMAGENET,ComPASS,16,False,False,False,14,2.84e+06,2.59e+06,9.93e+03,3.22e+03,2.18e+05,2.02e+04,3.26e+07,1.05e+06,4.66e+06,4.71e+05,2.50e+07,7.98e+04,0,0,0
IMAGENET,ComPASS,16,False,False,False,15,2.90e+06,2.59e+06,9.93e+03,3.22e+03,2.73e+05,2.02e+04,4.67e+07,1.05e+06,4.66e+06,4.71e+05,3.92e+07,7.98e+04,0,0,0
IMAGENET,ComPASS,16,False,False,False,16,1.22e+06,8.97e+05,9.93e+03,3.22e+03,2.90e+05,2.24e+04,5.42e+07,8.72e+05,4.66e+06,4.71e+05,4.68e+07,7.98e+04,0,0,0
IMAGENET,PTB,48,False,False,False,1,3.82e+07,1.86e+07,2.04e+02,3.22e+03,1.94e+07,1.61e+05,2.86e+08,1.86e+06,1.10e+04,4.71e+05,2.83e+08,6.39e+05,0,0,0
IMAGENET,PTB,48,False,False,False,2,2.53e+07,1.86e+07,2.04e+02,3.22e+03,6.49e+06,1.61e+05,1.60e+08,1.86e+06,1.10e+04,4.71e+05,1.57e+08,6.39e+05,0,0,0
IMAGENET,PTB,48,False,False,False,3,3.56e+07,1.86e+07,2.04e+02,3.22e+03,1.68e+07,1.61e+05,3.30e+08,1.86e+06,1.10e+04,4.71e+05,3.27e+08,6.39e+05,0,0,0
IMAGENET,PTB,48,False,False,False,4,2.38e+07,1.86e+07,2.04e+02,3.22e+03,4.99e+06,1.61e+05,2.24e+08,1.86e+06,1.10e+04,4.71e+05,2.21e+08,6.39e+05,0,0,0
IMAGENET,PTB,48,False,False,False,5,1.15e+07,5.13e+06,3.52e+02,1.61e+03,6.33e+06,8.06e+04,1.79e+08,4.69e+05,2.04e+04,2.36e+05,1.78e+08,3.19e+05,0,0,0
IMAGENET,PTB,48,False,False,False,6,3.36e+07,2.01e+07,7.05e+02,6.45e+03,1.35e+07,8.06e+04,1.63e+08,9.42e+05,7.78e+04,4.71e+05,1.61e+08,3.19e+05,0,0,0
IMAGENET,PTB,48,False,False,False,7,4.28e+07,2.01e+07,7.05e+02,6.45e+03,2.26e+07,8.06e+04,2.94e+08,9.42e+05,7.78e+04,4.71e+05,2.93e+08,3.19e+05,0,0,0
IMAGENET,PTB,48,False,False,False,8,2.87e+07,2.01e+07,7.05e+02,6.45e+03,8.53e+06,8.06e+04,6.42e+07,9.42e+05,7.78e+04,4.71e+05,6.23e+07,3.19e+05,0,0,0
IMAGENET,PTB,48,False,False,False,9,8.64e+06,2.77e+06,1.30e+03,1.61e+03,5.83e+06,4.03e+04,1.21e+08,2.59e+05,1.49e+05,2.36e+05,1.20e+08,1.60e+05,0,0,0
IMAGENET,PTB,48,False,False,False,10,1.92e+07,1.01e+07,2.59e+03,6.45e+03,9.07e+06,4.03e+04,8.42e+07,5.69e+05,5.95e+05,4.71e+05,8.24e+07,1.60e+05,0,0,0
IMAGENET,PTB,48,False,False,False,11,2.45e+07,1.01e+07,2.59e+03,6.45e+03,1.44e+07,4.03e+04,1.92e+08,5.69e+05,5.95e+05,4.71e+05,1.90e+08,1.60e+05,0,0,0
IMAGENET,PTB,48,False,False,False,12,1.62e+07,1.01e+07,2.59e+03,6.45e+03,6.08e+06,4.03e+04,6.76e+07,5.69e+05,5.95e+05,4.71e+05,6.58e+07,1.60e+05,0,0,0
IMAGENET,PTB,48,False,False,False,13,4.40e+06,1.42e+06,4.96e+03,1.61e+03,2.96e+06,2.02e+04,8.70e+07,3.20e+05,1.16e+06,2.36e+05,8.52e+07,7.98e+04,0,0,0
IMAGENET,PTB,48,False,False,False,14,5.10e+06,2.59e+06,9.93e+03,3.22e+03,2.48e+06,2.02e+04,5.22e+07,1.05e+06,4.65e+06,4.71e+05,4.59e+07,7.98e+04,0,0,0
IMAGENET,PTB,48,False,False,False,15,7.72e+06,2.59e+06,9.93e+03,3.22e+03,5.10e+06,2.02e+04,7.99e+07,1.05e+06,4.65e+06,4.71e+05,7.37e+07,7.98e+04,0,0,0
IMAGENET,PTB,48,False,False,False,16,3.85e+06,8.97e+05,9.93e+03,3.22e+03,2.91e+06,2.24e+04,7.47e+07,8.72e+05,4.65e+06,4.71e+05,6.87e+07,7.98e+04,0,0,0
CIFAR10DVS,ComPASS,16,False,False,False,1,5.36e+07,4.93e+07,9.50e+00,3.37e+04,2.19e+06,2.13e+06,5.62e+07,1.32e+05,9.18e+01,2.73e+05,4.84e+07,6.67e+06,0,0,0
CIFAR10DVS,ComPASS,16,False,False,False,2,8.75e+06,4.39e+06,7.05e+02,3.37e+04,3.80e+06,5.32e+05,6.38e+08,1.24e+06,7.80e+04,2.46e+06,6.26e+08,1.67e+06,0,0,0
CIFAR10DVS,ComPASS,16,False,False,False,3,3.75e+06,2.20e+06,7.05e+02,1.68e+04,1.41e+06,1.33e+05,1.60e+08,3.19e+05,7.80e+04,6.15e+05,1.57e+08,4.17e+05,0,0,0
CIFAR10DVS,ComPASS,16,False,False,False,4,9.25e+05,5.53e+05,7.05e+02,4.21e+03,3.33e+05,3.41e+04,3.27e+07,9.02e+04,7.80e+04,1.54e+05,3.18e+07,1.04e+05,0,0,0
CIFAR10DVS,ComPASS,16,False,False,False,5,1.80e+05,1.47e+05,1.76e+04,6.58e+01,1.29e+04,1.52e+03,2.32e+07,2.57e+06,1.47e+07,1.71e+04,5.84e+06,1.64e+03,0,0,0
CIFAR10DVS,ComPASS,16,False,False,False,6,3.62e+03,2.26e+03,7.06e+01,1.29e+00,1.73e+02,1.12e+03,7.82e+03,6.13e+02,2.47e+03,2.09e+01,3.97e+03,3.87e+01,0,0,0
IMAGENET,PTB,1,False,False,False,1,1.93e+07,1.86e+07,2.04e+02,3.22e+03,5.08e+05,1.61e+05,2.86e+08,1.86e+06,1.10e+04,4.71e+05,2.83e+08,6.39e+05,0,0,0
IMAGENET,PTB,1,False,False,False,2,1.90e+07,1.86e+07,2.04e+02,3.22e+03,2.29e+05,1.61e+05,1.60e+08,1.86e+06,1.10e+04,4.71e+05,1.57e+08,6.39e+05,0,0,0
IMAGENET,PTB,1,False,False,False,3,1.92e+07,1.86e+07,2.04e+02,3.22e+03,4.52e+05,1.61e+05,3.30e+08,1.86e+06,1.10e+04,4.71e+05,3.27e+08,6.39e+05,0,0,0
IMAGENET,PTB,1,False,False,False,4,1.90e+07,1.86e+07,2.04e+02,3.22e+03,1.97e+05,1.61e+05,2.24e+08,1.86e+06,1.10e+04,4.71e+05,2.21e+08,6.39e+05,0,0,0
IMAGENET,PTB,1,False,False,False,5,5.37e+06,5.13e+06,3.52e+02,1.61e+03,1.59e+05,8.06e+04,1.79e+08,4.69e+05,2.04e+04,2.36e+05,1.78e+08,3.19e+05,0,0,0
IMAGENET,PTB,1,False,False,False,6,2.05e+07,2.01e+07,7.05e+02,6.45e+03,3.03e+05,8.06e+04,1.63e+08,9.42e+05,7.78e+04,4.71e+05,1.61e+08,3.19e+05,0,0,0
IMAGENET,PTB,1,False,False,False,7,2.07e+07,2.01e+07,7.05e+02,6.45e+03,5.00e+05,8.06e+04,2.94e+08,9.42e+05,7.78e+04,4.71e+05,2.93e+08,3.19e+05,0,0,0
IMAGENET,PTB,1,False,False,False,8,2.04e+07,2.01e+07,7.05e+02,6.45e+03,1.96e+05,8.06e+04,6.42e+07,9.42e+05,7.78e+04,4.71e+05,6.23e+07,3.19e+05,0,0,0
IMAGENET,PTB,1,False,False,False,9,2.95e+06,2.77e+06,1.30e+03,1.61e+03,1.33e+05,4.03e+04,1.21e+08,2.59e+05,1.49e+05,2.36e+05,1.20e+08,1.60e+05,0,0,0
IMAGENET,PTB,1,False,False,False,10,1.03e+07,1.01e+07,2.59e+03,6.45e+03,1.97e+05,4.03e+04,8.42e+07,5.69e+05,5.95e+05,4.71e+05,8.24e+07,1.60e+05,0,0,0
IMAGENET,PTB,1,False,False,False,11,1.04e+07,1.01e+07,2.59e+03,6.45e+03,3.13e+05,4.03e+04,1.92e+08,5.69e+05,5.95e+05,4.71e+05,1.90e+08,1.60e+05,0,0,0
IMAGENET,PTB,1,False,False,False,12,1.02e+07,1.01e+07,2.59e+03,6.45e+03,1.33e+05,4.03e+04,6.76e+07,5.69e+05,5.95e+05,4.71e+05,6.58e+07,1.60e+05,0,0,0
IMAGENET,PTB,1,False,False,False,13,1.51e+06,1.42e+06,4.96e+03,1.61e+03,6.67e+04,2.02e+04,8.70e+07,3.20e+05,1.16e+06,2.36e+05,8.52e+07,7.98e+04,0,0,0
IMAGENET,PTB,1,False,False,False,14,2.68e+06,2.59e+06,9.93e+03,3.22e+03,5.70e+04,2.02e+04,5.22e+07,1.05e+06,4.65e+06,4.71e+05,4.59e+07,7.98e+04,0,0,0
IMAGENET,PTB,1,False,False,False,15,2.74e+06,2.59e+06,9.93e+03,3.22e+03,1.14e+05,2.02e+04,7.99e+07,1.05e+06,4.65e+06,4.71e+05,7.37e+07,7.98e+04,0,0,0
IMAGENET,PTB,1,False,False,False,16,9.99e+05,8.97e+05,9.93e+03,3.22e+03,6.67e+04,2.24e+04,7.47e+07,8.72e+05,4.65e+06,4.71e+05,6.87e+07,7.98e+04,0,0,0
DVS128GestureSimplify,ComPASS,48,False,False,False,1,5.22e+07,4.93e+07,9.50e+00,3.37e+04,7.52e+05,2.13e+06,2.45e+07,1.32e+05,9.18e+01,2.73e+05,1.67e+07,6.67e+06,0,0,0
DVS128GestureSimplify,ComPASS,48,False,False,False,2,7.07e+06,4.39e+06,7.05e+02,3.37e+04,2.12e+06,5.32e+05,3.00e+08,1.24e+06,7.80e+04,2.46e+06,2.89e+08,1.67e+06,0,0,0
DVS128GestureSimplify,ComPASS,48,False,False,False,3,3.14e+06,2.20e+06,7.05e+02,1.68e+04,7.96e+05,1.33e+05,4.84e+07,3.19e+05,7.80e+04,6.15e+05,4.53e+07,4.17e+05,0,0,0
DVS128GestureSimplify,ComPASS,48,False,False,False,4,9.51e+05,5.53e+05,7.05e+02,4.21e+03,3.59e+05,3.41e+04,1.62e+07,9.02e+04,7.80e+04,1.54e+05,1.53e+07,1.04e+05,0,0,0
DVS128GestureSimplify,ComPASS,48,False,False,False,5,1.82e+05,1.47e+05,1.76e+04,6.58e+01,1.50e+04,1.52e+03,2.39e+07,2.57e+06,1.47e+07,1.71e+04,6.57e+06,1.64e+03,0,0,0
DVS128GestureSimplify,ComPASS,48,False,False,False,6,3.65e+03,2.29e+03,7.26e+01,1.41e+00,1.70e+02,1.12e+03,8.42e+03,6.32e+02,2.57e+03,2.29e+01,4.43e+03,4.28e+01,0,0,0
DVS128GestureSimplify,PTB,16,False,False,False,1,6.07e+07,4.93e+07,9.50e+00,3.37e+04,9.26e+06,2.13e+06,3.12e+07,1.32e+05,9.16e+01,2.73e+05,2.41e+07,6.67e+06,0,0,0
DVS128GestureSimplify,PTB,16,False,False,False,2,4.12e+07,4.39e+06,7.05e+02,3.37e+04,3.63e+07,5.32e+05,7.68e+08,1.24e+06,7.78e+04,2.46e+06,7.63e+08,1.67e+06,0,0,0
DVS128GestureSimplify,PTB,16,False,False,False,3,1.44e+07,2.20e+06,7.05e+02,1.68e+04,1.21e+07,1.33e+05,1.39e+08,3.19e+05,7.78e+04,6.15e+05,1.38e+08,4.17e+05,0,0,0
DVS128GestureSimplify,PTB,16,False,False,False,4,2.93e+06,5.53e+05,7.05e+02,4.21e+03,2.33e+06,3.41e+04,2.61e+07,9.02e+04,7.78e+04,1.54e+05,2.57e+07,1.04e+05,0,0,0
DVS128GestureSimplify,PTB,16,False,False,False,5,2.92e+05,1.47e+05,1.76e+04,6.58e+01,1.26e+05,1.52e+03,2.65e+07,2.57e+06,1.47e+07,1.71e+04,9.17e+06,1.64e+03,0,0,0
DVS128GestureSimplify,PTB,16,False,False,False,6,5.63e+03,2.29e+03,7.26e+01,1.41e+00,2.15e+03,1.12e+03,2.18e+04,6.32e+02,2.57e+03,2.29e+01,1.86e+04,4.28e+01,0,0,0
IMAGENET,PTB,100,False,False,False,1,6.06e+07,1.86e+07,2.04e+02,3.22e+03,4.18e+07,1.61e+05,2.86e+08,1.86e+06,1.10e+04,4.71e+05,2.83e+08,6.39e+05,0,0,0
IMAGENET,PTB,100,False,False,False,2,3.27e+07,1.86e+07,2.04e+02,3.22e+03,1.39e+07,1.61e+05,1.60e+08,1.86e+06,1.10e+04,4.71e+05,1.57e+08,6.39e+05,0,0,0
IMAGENET,PTB,100,False,False,False,3,5.50e+07,1.86e+07,2.04e+02,3.22e+03,3.62e+07,1.61e+05,3.30e+08,1.86e+06,1.10e+04,4.71e+05,3.27e+08,6.39e+05,0,0,0
IMAGENET,PTB,100,False,False,False,4,2.95e+07,1.86e+07,2.04e+02,3.22e+03,1.07e+07,1.61e+05,2.24e+08,1.86e+06,1.10e+04,4.71e+05,2.21e+08,6.39e+05,0,0,0
IMAGENET,PTB,100,False,False,False,5,1.89e+07,5.13e+06,3.52e+02,1.61e+03,1.37e+07,8.06e+04,1.79e+08,4.69e+05,2.04e+04,2.36e+05,1.78e+08,3.19e+05,0,0,0
IMAGENET,PTB,100,False,False,False,6,4.93e+07,2.01e+07,7.05e+02,6.45e+03,2.91e+07,8.06e+04,1.63e+08,9.42e+05,7.78e+04,4.71e+05,1.61e+08,3.19e+05,0,0,0
IMAGENET,PTB,100,False,False,False,7,6.90e+07,2.01e+07,7.05e+02,6.45e+03,4.89e+07,8.06e+04,2.94e+08,9.42e+05,7.78e+04,4.71e+05,2.93e+08,3.19e+05,0,0,0
IMAGENET,PTB,100,False,False,False,8,3.86e+07,2.01e+07,7.05e+02,6.45e+03,1.85e+07,8.06e+04,6.42e+07,9.42e+05,7.78e+04,4.71e+05,6.23e+07,3.19e+05,0,0,0
IMAGENET,PTB,100,False,False,False,9,1.54e+07,2.77e+06,1.30e+03,1.61e+03,1.26e+07,4.03e+04,1.21e+08,2.59e+05,1.49e+05,2.36e+05,1.20e+08,1.60e+05,0,0,0
IMAGENET,PTB,100,False,False,False,10,2.97e+07,1.01e+07,2.59e+03,6.45e+03,1.96e+07,4.03e+04,8.42e+07,5.69e+05,5.95e+05,4.71e+05,8.24e+07,1.60e+05,0,0,0
IMAGENET,PTB,100,False,False,False,11,4.13e+07,1.01e+07,2.59e+03,6.45e+03,3.12e+07,4.03e+04,1.92e+08,5.69e+05,5.95e+05,4.71e+05,1.90e+08,1.60e+05,0,0,0
IMAGENET,PTB,100,False,False,False,12,2.33e+07,1.01e+07,2.59e+03,6.45e+03,1.32e+07,4.03e+04,6.76e+07,5.69e+05,5.95e+05,4.71e+05,6.58e+07,1.60e+05,0,0,0
IMAGENET,PTB,100,False,False,False,13,7.84e+06,1.42e+06,4.96e+03,1.61e+03,6.40e+06,2.02e+04,8.70e+07,3.20e+05,1.16e+06,2.36e+05,8.52e+07,7.98e+04,0,0,0
IMAGENET,PTB,100,False,False,False,14,7.97e+06,2.59e+06,9.93e+03,3.22e+03,5.35e+06,2.02e+04,5.22e+07,1.05e+06,4.65e+06,4.71e+05,4.59e+07,7.98e+04,0,0,0
IMAGENET,PTB,100,False,False,False,15,1.36e+07,2.59e+06,9.93e+03,3.22e+03,1.10e+07,2.02e+04,7.99e+07,1.05e+06,4.65e+06,4.71e+05,7.37e+07,7.98e+04,0,0,0
IMAGENET,PTB,100,False,False,False,16,7.25e+06,8.97e+05,9.93e+03,3.22e+03,6.32e+06,2.24e+04,7.47e+07,8.72e+05,4.65e+06,4.71e+05,6.87e+07,7.98e+04,0,0,0
CIFAR10DVS,ComPASS,0,True,True,False,1,5.36e+07,4.93e+07,9.50e+00,3.37e+04,2.18e+06,2.13e+06,5.51e+07,1.32e+05,9.18e+01,2.73e+05,4.80e+07,6.67e+06,0.73,0,0
CIFAR10DVS,ComPASS,0,True,True,False,2,7.81e+06,4.39e+06,7.05e+02,3.37e+04,2.85e+06,5.32e+05,5.40e+08,1.24e+06,7.80e+04,2.46e+06,5.35e+08,1.67e+06,0.69,0,0
CIFAR10DVS,ComPASS,0,True,True,False,3,3.44e+06,2.20e+06,7.05e+02,1.68e+04,1.09e+06,1.33e+05,1.28e+08,3.19e+05,7.80e+04,6.15e+05,1.26e+08,4.17e+05,0.81,0,0
CIFAR10DVS,ComPASS,0,True,True,False,4,8.34e+05,5.53e+05,7.05e+02,4.21e+03,2.41e+05,3.41e+04,2.42e+07,9.02e+04,7.80e+04,1.54e+05,2.38e+07,1.04e+05,0.85,0,0
CIFAR10DVS,ComPASS,0,True,True,False,5,1.78e+05,1.47e+05,1.76e+04,6.58e+01,1.11e+04,1.52e+03,2.20e+07,2.57e+06,1.47e+07,1.71e+04,4.69e+06,1.64e+03,0.77,0,0
CIFAR10DVS,ComPASS,0,True,True,False,6,3.57e+03,2.26e+03,7.06e+01,1.29e+00,1.21e+02,1.12e+03,4.99e+03,6.13e+02,2.47e+03,2.09e+01,1.85e+03,3.87e+01,1.00,0,0
CIFAR10DVS,ComPASS,24,False,False,False,1,5.37e+07,4.93e+07,9.50e+00,3.37e+04,2.24e+06,2.13e+06,5.70e+07,1.32e+05,9.18e+01,2.73e+05,4.92e+07,6.67e+06,0,0,0
CIFAR10DVS,ComPASS,24,False,False,False,2,8.83e+06,4.39e+06,7.05e+02,3.37e+04,3.88e+06,5.32e+05,6.37e+08,1.24e+06,7.80e+04,2.46e+06,6.25e+08,1.67e+06,0,0,0
CIFAR10DVS,ComPASS,24,False,False,False,3,3.69e+06,2.20e+06,7.05e+02,1.68e+04,1.35e+06,1.33e+05,1.51e+08,3.19e+05,7.80e+04,6.15e+05,1.48e+08,4.17e+05,0,0,0
CIFAR10DVS,ComPASS,24,False,False,False,4,9.07e+05,5.53e+05,7.05e+02,4.21e+03,3.15e+05,3.41e+04,3.04e+07,9.02e+04,7.80e+04,1.54e+05,2.95e+07,1.04e+05,0,0,0
CIFAR10DVS,ComPASS,24,False,False,False,5,1.79e+05,1.47e+05,1.76e+04,6.58e+01,1.26e+04,1.52e+03,2.29e+07,2.57e+06,1.47e+07,1.71e+04,5.50e+06,1.64e+03,0,0,0
CIFAR10DVS,ComPASS,24,False,False,False,6,3.61e+03,2.26e+03,7.06e+01,1.29e+00,1.62e+02,1.12e+03,7.04e+03,6.13e+02,2.47e+03,2.09e+01,3.19e+03,3.87e+01,0,0,0
DVS128GestureSimplify,PTB,24,False,False,False,1,6.53e+07,4.93e+07,9.50e+00,3.37e+04,1.38e+07,2.13e+06,3.12e+07,1.32e+05,9.16e+01,2.73e+05,2.41e+07,6.67e+06,0,0,0
DVS128GestureSimplify,PTB,24,False,False,False,2,5.91e+07,4.39e+06,7.05e+02,3.37e+04,5.41e+07,5.32e+05,7.68e+08,1.24e+06,7.78e+04,2.46e+06,7.63e+08,1.67e+06,0,0,0
DVS128GestureSimplify,PTB,24,False,False,False,3,2.04e+07,2.20e+06,7.05e+02,1.68e+04,1.80e+07,1.33e+05,1.39e+08,3.19e+05,7.78e+04,6.15e+05,1.38e+08,4.17e+05,0,0,0
DVS128GestureSimplify,PTB,24,False,False,False,4,4.08e+06,5.53e+05,7.05e+02,4.21e+03,3.49e+06,3.41e+04,2.61e+07,9.02e+04,7.78e+04,1.54e+05,2.57e+07,1.04e+05,0,0,0
DVS128GestureSimplify,PTB,24,False,False,False,5,3.51e+05,1.47e+05,1.76e+04,6.58e+01,1.84e+05,1.52e+03,2.65e+07,2.57e+06,1.47e+07,1.71e+04,9.17e+06,1.64e+03,0,0,0
DVS128GestureSimplify,PTB,24,False,False,False,6,6.64e+03,2.29e+03,7.26e+01,1.41e+00,3.16e+03,1.12e+03,2.18e+04,6.32e+02,2.57e+03,2.29e+01,1.86e+04,4.28e+01,0,0,0
IMAGENET,ComPASS,0,True,False,True,1,1.86e+07,1.78e+07,1.95e+02,3.22e+03,6.46e+05,1.61e+05,2.88e+08,1.77e+06,1.06e+04,4.71e+05,2.85e+08,6.39e+05,0,0,0
IMAGENET,ComPASS,0,True,False,True,2,8.80e+06,7.96e+06,8.72e+01,3.22e+03,6.81e+05,1.61e+05,1.61e+08,7.93e+05,4.73e+03,4.71e+05,1.60e+08,6.39e+05,0,0,0
IMAGENET,ComPASS,0,True,False,True,3,1.94e+07,1.85e+07,2.02e+02,3.22e+03,7.30e+05,1.61e+05,3.33e+08,1.84e+06,1.10e+04,4.71e+05,3.30e+08,6.39e+05,0,0,0
IMAGENET,ComPASS,0,True,False,True,4,1.12e+07,1.03e+07,1.13e+02,3.22e+03,6.87e+05,1.61e+05,2.25e+08,1.03e+06,6.12e+03,4.71e+05,2.23e+08,6.39e+05,0,0,0
IMAGENET,ComPASS,0,True,False,True,5,5.63e+06,5.20e+06,3.58e+02,1.61e+03,3.45e+05,8.06e+04,1.79e+08,4.76e+05,2.07e+04,2.36e+05,1.78e+08,3.19e+05,0,0,0
IMAGENET,ComPASS,0,True,False,True,6,8.57e+06,7.22e+06,2.54e+02,6.45e+03,1.26e+06,8.06e+04,1.63e+08,3.39e+05,2.81e+04,4.71e+05,1.62e+08,3.19e+05,0,0,0
IMAGENET,ComPASS,0,True,False,True,7,1.67e+07,1.53e+07,5.36e+02,6.45e+03,1.30e+06,8.06e+04,2.95e+08,7.17e+05,5.93e+04,4.71e+05,2.94e+08,3.19e+05,0,0,0
IMAGENET,ComPASS,0,True,False,True,8,4.55e+06,3.35e+06,1.18e+02,6.45e+03,1.12e+06,8.06e+04,6.44e+07,1.57e+05,1.30e+04,4.71e+05,6.36e+07,3.19e+05,0,0,0
IMAGENET,ComPASS,0,True,False,True,9,1.99e+06,1.63e+06,7.61e+02,1.61e+03,3.29e+05,4.03e+04,1.21e+08,1.52e+05,8.75e+04,2.36e+05,1.21e+08,1.60e+05,0,0,0
IMAGENET,ComPASS,0,True,False,True,10,3.41e+06,2.22e+06,5.73e+02,6.45e+03,1.16e+06,4.03e+04,8.37e+07,1.26e+05,1.32e+05,4.71e+05,8.36e+07,1.60e+05,0,0,0
IMAGENET,ComPASS,0,True,False,True,11,6.33e+06,5.08e+06,1.31e+03,6.45e+03,1.22e+06,4.03e+04,1.92e+08,2.87e+05,3.01e+05,4.71e+05,1.92e+08,1.60e+05,0,0,0
IMAGENET,ComPASS,0,True,False,True,12,2.98e+06,1.94e+06,5.01e+02,6.45e+03,1.01e+06,4.03e+04,6.70e+07,1.10e+05,1.15e+05,4.71e+05,6.71e+07,1.60e+05,0,0,0
IMAGENET,ComPASS,0,True,False,True,13,9.29e+05,6.26e+05,2.19e+03,1.61e+03,3.05e+05,2.02e+04,8.56e+07,1.41e+05,5.13e+05,2.36e+05,8.58e+07,7.98e+04,0,0,0
IMAGENET,ComPASS,0,True,False,True,14,8.06e+05,3.91e+05,1.50e+03,3.22e+03,4.69e+05,2.02e+04,4.13e+07,1.58e+05,7.03e+05,4.71e+05,4.72e+07,7.98e+04,0,0,0
IMAGENET,ComPASS,0,True,False,True,15,1.07e+06,5.28e+05,2.02e+03,3.22e+03,5.93e+05,2.02e+04,6.98e+07,2.13e+05,9.50e+05,4.71e+05,7.50e+07,7.98e+04,0,0,0
IMAGENET,ComPASS,0,True,False,True,16,6.54e+05,2.02e+05,2.23e+03,3.22e+03,4.97e+05,2.24e+04,6.50e+07,1.96e+05,1.05e+06,4.71e+05,6.99e+07,7.98e+04,0,0,0
IMAGENET,ComPASS,100,False,False,False,1,1.92e+07,1.86e+07,2.04e+02,3.22e+03,4.37e+05,1.61e+05,1.84e+08,1.86e+06,1.11e+04,4.71e+05,1.78e+08,6.39e+05,0,0,0
IMAGENET,ComPASS,100,False,False,False,2,1.94e+07,1.86e+07,2.04e+02,3.22e+03,6.46e+05,1.61e+05,1.58e+08,1.86e+06,1.11e+04,4.71e+05,1.53e+08,6.39e+05,0,0,0
IMAGENET,ComPASS,100,False,False,False,3,1.93e+07,1.86e+07,2.04e+02,3.22e+03,5.16e+05,1.61e+05,2.23e+08,1.86e+06,1.11e+04,4.71e+05,2.18e+08,6.39e+05,0,0,0
IMAGENET,ComPASS,100,False,False,False,4,1.95e+07,1.86e+07,2.04e+02,3.22e+03,6.66e+05,1.61e+05,2.24e+08,1.86e+06,1.11e+04,4.71e+05,2.18e+08,6.39e+05,0,0,0
IMAGENET,ComPASS,100,False,False,False,5,5.40e+06,5.13e+06,3.52e+02,1.61e+03,1.90e+05,8.06e+04,9.30e+07,4.69e+05,2.04e+04,2.36e+05,9.13e+07,3.19e+05,0,0,0
IMAGENET,ComPASS,100,False,False,False,6,2.12e+07,2.01e+07,7.05e+02,6.45e+03,9.99e+05,8.06e+04,1.35e+08,9.42e+05,7.80e+04,4.71e+05,1.32e+08,3.19e+05,0,0,0
IMAGENET,ComPASS,100,False,False,False,7,2.05e+07,2.01e+07,7.05e+02,6.45e+03,3.57e+05,8.06e+04,8.27e+07,9.42e+05,7.80e+04,4.71e+05,7.96e+07,3.19e+05,0,0,0
IMAGENET,ComPASS,100,False,False,False,8,2.09e+07,2.01e+07,7.05e+02,6.45e+03,7.50e+05,8.06e+04,4.89e+07,9.42e+05,7.80e+04,4.71e+05,4.58e+07,3.19e+05,0,0,0
IMAGENET,ComPASS,100,False,False,False,9,2.92e+06,2.77e+06,1.30e+03,1.61e+03,1.08e+05,4.03e+04,3.89e+07,2.59e+05,1.49e+05,2.36e+05,3.75e+07,1.60e+05,0,0,0
IMAGENET,ComPASS,100,False,False,False,10,1.09e+07,1.01e+07,2.59e+03,6.45e+03,7.50e+05,4.03e+04,5.50e+07,5.69e+05,5.96e+05,4.71e+05,5.19e+07,1.60e+05,0,0,0
IMAGENET,ComPASS,100,False,False,False,11,1.05e+07,1.01e+07,2.59e+03,6.45e+03,4.24e+05,4.03e+04,7.24e+07,5.69e+05,5.96e+05,4.71e+05,6.93e+07,1.60e+05,0,0,0
IMAGENET,ComPASS,100,False,False,False,12,1.08e+07,1.01e+07,2.59e+03,6.45e+03,6.65e+05,4.03e+04,4.74e+07,5.69e+05,5.96e+05,4.71e+05,4.44e+07,1.60e+05,0,0,0
IMAGENET,ComPASS,100,False,False,False,13,1.55e+06,1.42e+06,4.96e+03,1.61e+03,1.01e+05,2.02e+04,2.74e+07,3.20e+05,1.16e+06,2.36e+05,2.50e+07,7.98e+04,0,0,0
IMAGENET,ComPASS,100,False,False,False,14,2.82e+06,2.59e+06,9.93e+03,3.22e+03,2.00e+05,2.02e+04,2.88e+07,1.05e+06,4.66e+06,4.71e+05,2.13e+07,7.98e+04,0,0,0
IMAGENET,ComPASS,100,False,False,False,15,2.85e+06,2.59e+06,9.93e+03,3.22e+03,2.27e+05,2.02e+04,3.70e+07,1.05e+06,4.66e+06,4.71e+05,2.95e+07,7.98e+04,0,0,0
IMAGENET,ComPASS,100,False,False,False,16,1.43e+06,8.97e+05,9.93e+03,3.22e+03,4.94e+05,2.24e+04,8.00e+07,8.72e+05,4.66e+06,4.71e+05,7.27e+07,7.98e+04,0,0,0
DVS128GestureSimplify,ComPASS,8,False,False,False,1,5.24e+07,4.93e+07,9.50e+00,3.37e+04,9.08e+05,2.13e+06,2.77e+07,1.32e+05,9.18e+01,2.73e+05,1.99e+07,6.67e+06,0,0,0
DVS128GestureSimplify,ComPASS,8,False,False,False,2,8.01e+06,4.39e+06,7.05e+02,3.37e+04,3.05e+06,5.32e+05,4.30e+08,1.24e+06,7.80e+04,2.46e+06,4.18e+08,1.67e+06,0,0,0
DVS128GestureSimplify,ComPASS,8,False,False,False,3,3.73e+06,2.20e+06,7.05e+02,1.68e+04,1.38e+06,1.33e+05,7.84e+07,3.19e+05,7.80e+04,6.15e+05,7.54e+07,4.17e+05,0,0,0
DVS128GestureSimplify,ComPASS,8,False,False,False,4,1.03e+06,5.53e+05,7.05e+02,4.21e+03,4.37e+05,3.41e+04,1.96e+07,9.02e+04,7.80e+04,1.54e+05,1.88e+07,1.04e+05,0,0,0
DVS128GestureSimplify,ComPASS,8,False,False,False,5,1.83e+05,1.47e+05,1.76e+04,6.58e+01,1.67e+04,1.52e+03,2.52e+07,2.57e+06,1.47e+07,1.71e+04,7.80e+06,1.64e+03,0,0,0
DVS128GestureSimplify,ComPASS,8,False,False,False,6,3.71e+03,2.29e+03,7.26e+01,1.41e+00,2.34e+02,1.12e+03,1.24e+04,6.32e+02,2.57e+03,2.29e+01,8.45e+03,4.28e+01,0,0,0
DVS128GestureSimplify,ComPASS,100,False,False,False,1,5.22e+07,4.93e+07,9.50e+00,3.37e+04,7.23e+05,2.13e+06,2.40e+07,1.32e+05,9.18e+01,2.73e+05,1.62e+07,6.67e+06,0,0,0
DVS128GestureSimplify,ComPASS,100,False,False,False,2,7.10e+06,4.39e+06,7.05e+02,3.37e+04,2.15e+06,5.32e+05,3.00e+08,1.24e+06,7.80e+04,2.46e+06,2.88e+08,1.67e+06,0,0,0
DVS128GestureSimplify,ComPASS,100,False,False,False,3,3.06e+06,2.20e+06,7.05e+02,1.68e+04,7.16e+05,1.33e+05,4.37e+07,3.19e+05,7.80e+04,6.15e+05,4.07e+07,4.17e+05,0,0,0
DVS128GestureSimplify,ComPASS,100,False,False,False,4,9.66e+05,5.53e+05,7.05e+02,4.21e+03,3.74e+05,3.41e+04,1.64e+07,9.02e+04,7.80e+04,1.54e+05,1.55e+07,1.04e+05,0,0,0
DVS128GestureSimplify,ComPASS,100,False,False,False,5,1.82e+05,1.47e+05,1.76e+04,6.58e+01,1.57e+04,1.52e+03,2.41e+07,2.57e+06,1.47e+07,1.71e+04,6.74e+06,1.64e+03,0,0,0
DVS128GestureSimplify,ComPASS,100,False,False,False,6,3.63e+03,2.29e+03,7.26e+01,1.41e+00,1.49e+02,1.12e+03,7.12e+03,6.32e+02,2.57e+03,2.29e+01,3.14e+03,4.28e+01,0,0,0
CIFAR10DVS,ComPASS,48,False,False,False,1,5.37e+07,4.93e+07,9.50e+00,3.37e+04,2.28e+06,2.13e+06,5.69e+07,1.32e+05,9.18e+01,2.73e+05,4.91e+07,6.67e+06,0,0,0
CIFAR10DVS,ComPASS,48,False,False,False,2,8.81e+06,4.39e+06,7.05e+02,3.37e+04,3.86e+06,5.32e+05,6.27e+08,1.24e+06,7.80e+04,2.46e+06,6.15e+08,1.67e+06,0,0,0
CIFAR10DVS,ComPASS,48,False,False,False,3,3.60e+06,2.20e+06,7.05e+02,1.68e+04,1.25e+06,1.33e+05,1.40e+08,3.19e+05,7.80e+04,6.15e+05,1.37e+08,4.17e+05,0,0,0
CIFAR10DVS,ComPASS,48,False,False,False,4,8.77e+05,5.53e+05,7.05e+02,4.21e+03,2.85e+05,3.41e+04,2.73e+07,9.02e+04,7.80e+04,1.54e+05,2.65e+07,1.04e+05,0,0,0
CIFAR10DVS,ComPASS,48,False,False,False,5,1.79e+05,1.47e+05,1.76e+04,6.58e+01,1.21e+04,1.52e+03,2.25e+07,2.57e+06,1.47e+07,1.71e+04,5.11e+06,1.64e+03,0,0,0
CIFAR10DVS,ComPASS,48,False,False,False,6,3.59e+03,2.26e+03,7.06e+01,1.29e+00,1.42e+02,1.12e+03,5.95e+03,6.13e+02,2.47e+03,2.09e+01,2.11e+03,3.87e+01,0,0,0
IMAGENET,ComPASS,64,False,False,False,1,1.92e+07,1.86e+07,2.04e+02,3.22e+03,4.31e+05,1.61e+05,1.81e+08,1.86e+06,1.11e+04,4.71e+05,1.75e+08,6.39e+05,0,0,0
IMAGENET,ComPASS,64,False,False,False,2,1.95e+07,1.86e+07,2.04e+02,3.22e+03,6.61e+05,1.61e+05,1.63e+08,1.86e+06,1.11e+04,4.71e+05,1.58e+08,6.39e+05,0,0,0
IMAGENET,ComPASS,64,False,False,False,3,1.93e+07,1.86e+07,2.04e+02,3.22e+03,5.24e+05,1.61e+05,2.30e+08,1.86e+06,1.11e+04,4.71e+05,2.24e+08,6.39e+05,0,0,0
IMAGENET,ComPASS,64,False,False,False,4,1.95e+07,1.86e+07,2.04e+02,3.22e+03,6.76e+05,1.61e+05,2.29e+08,1.86e+06,1.11e+04,4.71e+05,2.24e+08,6.39e+05,0,0,0
IMAGENET,ComPASS,64,False,False,False,5,5.40e+06,5.13e+06,3.52e+02,1.61e+03,1.94e+05,8.06e+04,9.59e+07,4.69e+05,2.04e+04,2.36e+05,9.42e+07,3.19e+05,0,0,0
IMAGENET,ComPASS,64,False,False,False,6,2.12e+07,2.01e+07,7.05e+02,6.45e+03,1.02e+06,8.06e+04,1.39e+08,9.42e+05,7.80e+04,4.71e+05,1.36e+08,3.19e+05,0,0,0
IMAGENET,ComPASS,64,False,False,False,7,2.05e+07,2.01e+07,7.05e+02,6.45e+03,3.93e+05,8.06e+04,9.00e+07,9.42e+05,7.80e+04,4.71e+05,8.69e+07,3.19e+05,0,0,0
IMAGENET,ComPASS,64,False,False,False,8,2.09e+07,2.01e+07,7.05e+02,6.45e+03,7.60e+05,8.06e+04,5.12e+07,9.42e+05,7.80e+04,4.71e+05,4.82e+07,3.19e+05,0,0,0
IMAGENET,ComPASS,64,False,False,False,9,2.93e+06,2.77e+06,1.30e+03,1.61e+03,1.17e+05,4.03e+04,4.27e+07,2.59e+05,1.49e+05,2.36e+05,4.13e+07,1.60e+05,0,0,0
IMAGENET,ComPASS,64,False,False,False,10,1.09e+07,1.01e+07,2.59e+03,6.45e+03,7.63e+05,4.03e+04,5.78e+07,5.69e+05,5.96e+05,4.71e+05,5.48e+07,1.60e+05,0,0,0
IMAGENET,ComPASS,64,False,False,False,11,1.05e+07,1.01e+07,2.59e+03,6.45e+03,4.39e+05,4.03e+04,7.49e+07,5.69e+05,5.96e+05,4.71e+05,7.19e+07,1.60e+05,0,0,0
IMAGENET,ComPASS,64,False,False,False,12,1.08e+07,1.01e+07,2.59e+03,6.45e+03,6.72e+05,4.03e+04,4.89e+07,5.69e+05,5.96e+05,4.71e+05,4.59e+07,1.60e+05,0,0,0
IMAGENET,ComPASS,64,False,False,False,13,1.55e+06,1.42e+06,4.96e+03,1.61e+03,1.05e+05,2.02e+04,2.94e+07,3.20e+05,1.16e+06,2.36e+05,2.69e+07,7.98e+04,0,0,0
IMAGENET,ComPASS,64,False,False,False,14,2.82e+06,2.59e+06,9.93e+03,3.22e+03,1.97e+05,2.02e+04,2.93e+07,1.05e+06,4.66e+06,4.71e+05,2.18e+07,7.98e+04,0,0,0
IMAGENET,ComPASS,64,False,False,False,15,2.86e+06,2.59e+06,9.93e+03,3.22e+03,2.34e+05,2.02e+04,3.96e+07,1.05e+06,4.66e+06,4.71e+05,3.21e+07,7.98e+04,0,0,0
IMAGENET,ComPASS,64,False,False,False,16,1.33e+06,8.97e+05,9.93e+03,3.22e+03,3.96e+05,2.24e+04,6.66e+07,8.72e+05,4.66e+06,4.71e+05,5.92e+07,7.98e+04,0,0,0
CIFAR10DVS,PTB,48,False,False,False,1,8.00e+07,4.93e+07,9.50e+00,3.37e+04,2.86e+07,2.13e+06,7.18e+07,1.32e+05,9.16e+01,2.73e+05,6.47e+07,6.67e+06,0,0,0
CIFAR10DVS,PTB,48,False,False,False,2,1.00e+08,4.39e+06,7.05e+02,3.37e+04,9.55e+07,5.32e+05,9.52e+08,1.24e+06,7.78e+04,2.46e+06,9.47e+08,1.67e+06,0,0,0
CIFAR10DVS,PTB,48,False,False,False,3,3.59e+07,2.20e+06,7.05e+02,1.68e+04,3.35e+07,1.33e+05,3.08e+08,3.19e+05,7.78e+04,6.15e+05,3.07e+08,4.17e+05,0,0,0
CIFAR10DVS,PTB,48,False,False,False,4,9.30e+06,5.53e+05,7.05e+02,4.21e+03,8.70e+06,3.41e+04,6.71e+07,9.02e+04,7.78e+04,1.54e+05,6.66e+07,1.04e+05,0,0,0
CIFAR10DVS,PTB,48,False,False,False,5,3.78e+05,1.47e+05,1.76e+04,6.58e+01,2.11e+05,1.52e+03,2.62e+07,2.57e+06,1.47e+07,1.71e+04,8.90e+06,1.64e+03,0,0,0
CIFAR10DVS,PTB,48,False,False,False,6,5.93e+03,2.26e+03,7.06e+01,1.29e+00,2.48e+03,1.12e+03,1.75e+04,6.13e+02,2.46e+03,2.09e+01,1.43e+04,3.87e+01,0,0,0
CIFAR10DVS,ComPASS,100,False,False,False,1,5.38e+07,4.93e+07,9.50e+00,3.37e+04,2.38e+06,2.13e+06,5.80e+07,1.32e+05,9.18e+01,2.73e+05,5.02e+07,6.67e+06,0,0,0
CIFAR10DVS,ComPASS,100,False,False,False,2,8.91e+06,4.39e+06,7.05e+02,3.37e+04,3.96e+06,5.32e+05,6.33e+08,1.24e+06,7.80e+04,2.46e+06,6.21e+08,1.67e+06,0,0,0
CIFAR10DVS,ComPASS,100,False,False,False,3,3.55e+06,2.20e+06,7.05e+02,1.68e+04,1.20e+06,1.33e+05,1.33e+08,3.19e+05,7.80e+04,6.15e+05,1.30e+08,4.17e+05,0,0,0
CIFAR10DVS,ComPASS,100,False,False,False,4,8.56e+05,5.53e+05,7.05e+02,4.21e+03,2.63e+05,3.41e+04,2.51e+07,9.02e+04,7.80e+04,1.54e+05,2.42e+07,1.04e+05,0,0,0
CIFAR10DVS,ComPASS,100,False,False,False,5,1.78e+05,1.47e+05,1.76e+04,6.58e+01,1.17e+04,1.52e+03,2.22e+07,2.57e+06,1.47e+07,1.71e+04,4.88e+06,1.64e+03,0,0,0
CIFAR10DVS,ComPASS,100,False,False,False,6,3.57e+03,2.26e+03,7.06e+01,1.29e+00,1.21e+02,1.12e+03,4.99e+03,6.13e+02,2.47e+03,2.09e+01,1.15e+03,3.87e+01,0,0,0
DVS128GestureSimplify,ComPASS,0,True,True,True,1,1.18e+07,9.02e+06,1.74e+00,3.37e+04,5.91e+05,2.13e+06,2.09e+07,2.42e+04,1.68e+01,2.73e+05,1.39e+07,6.67e+06,0.81,0.97,0.183
DVS128GestureSimplify,ComPASS,0,True,True,True,2,3.79e+06,1.38e+06,2.21e+02,3.37e+04,1.85e+06,5.32e+05,2.72e+08,3.88e+05,2.45e+04,2.46e+06,2.68e+08,1.67e+06,0.87,0.935,0.314
DVS128GestureSimplify,ComPASS,0,True,True,True,3,1.28e+06,4.90e+05,1.57e+02,1.68e+04,6.50e+05,1.33e+05,4.08e+07,7.12e+04,1.74e+04,6.15e+05,3.98e+07,4.17e+05,0.92,0.955,0.223
DVS128GestureSimplify,ComPASS,0,True,True,True,4,4.53e+05,9.35e+04,1.19e+02,4.21e+03,3.26e+05,3.41e+04,1.63e+07,1.52e+04,1.32e+04,1.54e+05,1.61e+07,1.04e+05,0.76,0.969,0.169
DVS128GestureSimplify,ComPASS,0,True,True,True,5,6.26e+03,6.37e+04,7.62e+03,6.58e+01,1.48e+04,1.52e+03,1.53e+06,1.11e+06,6.36e+06,1.71e+04,6.47e+06,1.64e+03,0.51,0.887,0.432
DVS128GestureSimplify,ComPASS,0,True,True,True,6,2.12e+03,1.18e+03,3.75e+01,1.41e+00,1.49e+02,1.12e+03,3.49e+03,3.26e+02,1.33e+03,2.29e+01,3.85e+03,4.28e+01,0.91,0.75,0.516
CIFAR10DVS,ComPASS,0,True,False,False,1,5.46e+07,4.93e+07,9.50e+00,3.37e+04,3.19e+06,2.13e+06,7.25e+07,1.32e+05,9.18e+01,2.73e+05,6.54e+07,6.67e+06,0,0,0
CIFAR10DVS,ComPASS,0,True,False,False,2,1.15e+07,4.39e+06,7.05e+02,3.37e+04,6.53e+06,5.32e+05,9.59e+08,1.24e+06,7.80e+04,2.46e+06,9.53e+08,1.67e+06,0,0,0
CIFAR10DVS,ComPASS,0,True,False,False,3,5.39e+06,2.20e+06,7.05e+02,1.68e+04,3.04e+06,1.33e+05,3.10e+08,3.19e+05,7.80e+04,6.15e+05,3.09e+08,4.17e+05,0,0,0
CIFAR10DVS,ComPASS,0,True,False,False,4,1.36e+06,5.53e+05,7.05e+02,4.21e+03,7.67e+05,3.41e+04,6.75e+07,9.02e+04,7.80e+04,1.54e+05,6.71e+07,1.04e+05,0,0,0
CIFAR10DVS,ComPASS,0,True,False,False,5,1.86e+05,1.47e+05,1.76e+04,6.58e+01,1.92e+04,1.52e+03,2.63e+07,2.57e+06,1.47e+07,1.71e+04,8.95e+06,1.64e+03,0,0,0
CIFAR10DVS,ComPASS,0,True,False,False,6,3.81e+03,2.26e+03,7.06e+01,1.29e+00,3.60e+02,1.12e+03,1.82e+04,6.13e+02,2.47e+03,2.09e+01,1.50e+04,3.87e+01,0,0,0
CIFAR10DVS,ComPASS,1,False,False,False,1,5.46e+07,4.93e+07,9.50e+00,3.37e+04,3.19e+06,2.13e+06,7.18e+07,1.32e+05,9.18e+01,2.73e+05,6.47e+07,6.67e+06,0,0,0
CIFAR10DVS,ComPASS,1,False,False,False,2,1.15e+07,4.39e+06,7.05e+02,3.37e+04,6.53e+06,5.32e+05,9.52e+08,1.24e+06,7.80e+04,2.46e+06,9.47e+08,1.67e+06,0,0,0
CIFAR10DVS,ComPASS,1,False,False,False,3,5.39e+06,2.20e+06,7.05e+02,1.68e+04,3.04e+06,1.33e+05,3.08e+08,3.19e+05,7.80e+04,6.15e+05,3.07e+08,4.17e+05,0,0,0
CIFAR10DVS,ComPASS,1,False,False,False,4,1.36e+06,5.53e+05,7.05e+02,4.21e+03,7.67e+05,3.41e+04,6.71e+07,9.02e+04,7.80e+04,1.54e+05,6.66e+07,1.04e+05,0,0,0
CIFAR10DVS,ComPASS,1,False,False,False,5,1.86e+05,1.47e+05,1.76e+04,6.58e+01,1.92e+04,1.52e+03,2.62e+07,2.57e+06,1.47e+07,1.71e+04,8.90e+06,1.64e+03,0,0,0
CIFAR10DVS,ComPASS,1,False,False,False,6,3.81e+03,2.26e+03,7.06e+01,1.29e+00,3.60e+02,1.12e+03,1.75e+04,6.13e+02,2.47e+03,2.09e+01,1.43e+04,3.87e+01,0,0,0
CIFAR10DVS,PTB,1,False,False,False,1,5.21e+07,4.93e+07,9.50e+00,3.37e+04,6.22e+05,2.13e+06,7.18e+07,1.32e+05,9.16e+01,2.73e+05,6.47e+07,6.67e+06,0,0,0
CIFAR10DVS,PTB,1,False,False,False,2,7.08e+06,4.39e+06,7.05e+02,3.37e+04,2.13e+06,5.32e+05,9.52e+08,1.24e+06,7.78e+04,2.46e+06,9.47e+08,1.67e+06,0,0,0
CIFAR10DVS,PTB,1,False,False,False,3,3.07e+06,2.20e+06,7.05e+02,1.68e+04,7.28e+05,1.33e+05,3.08e+08,3.19e+05,7.78e+04,6.15e+05,3.07e+08,4.17e+05,0,0,0
CIFAR10DVS,PTB,1,False,False,False,4,7.79e+05,5.53e+05,7.05e+02,4.21e+03,1.87e+05,3.41e+04,6.71e+07,9.02e+04,7.78e+04,1.54e+05,6.66e+07,1.04e+05,0,0,0
CIFAR10DVS,PTB,1,False,False,False,5,1.77e+05,1.47e+05,1.76e+04,6.58e+01,1.06e+04,1.52e+03,2.62e+07,2.57e+06,1.47e+07,1.71e+04,8.90e+06,1.64e+03,0,0,0
CIFAR10DVS,PTB,1,False,False,False,6,3.60e+03,2.26e+03,7.06e+01,1.29e+00,1.54e+02,1.12e+03,1.75e+04,6.13e+02,2.46e+03,2.09e+01,1.43e+04,3.87e+01,0,0,0
IMAGENET,PTB,8,False,False,False,1,2.22e+07,1.86e+07,2.04e+02,3.22e+03,3.36e+06,1.61e+05,2.86e+08,1.86e+06,1.10e+04,4.71e+05,2.83e+08,6.39e+05,0,0,0
IMAGENET,PTB,8,False,False,False,2,2.00e+07,1.86e+07,2.04e+02,3.22e+03,1.18e+06,1.61e+05,1.60e+08,1.86e+06,1.10e+04,4.71e+05,1.57e+08,6.39e+05,0,0,0
IMAGENET,PTB,8,False,False,False,3,2.17e+07,1.86e+07,2.04e+02,3.22e+03,2.93e+06,1.61e+05,3.30e+08,1.86e+06,1.10e+04,4.71e+05,3.27e+08,6.39e+05,0,0,0
IMAGENET,PTB,8,False,False,False,4,1.97e+07,1.86e+07,2.04e+02,3.22e+03,9.22e+05,1.61e+05,2.24e+08,1.86e+06,1.10e+04,4.71e+05,2.21e+08,6.39e+05,0,0,0
IMAGENET,PTB,8,False,False,False,5,6.30e+06,5.13e+06,3.52e+02,1.61e+03,1.09e+06,8.06e+04,1.79e+08,4.69e+05,2.04e+04,2.36e+05,1.78e+08,3.19e+05,0,0,0
IMAGENET,PTB,8,False,False,False,6,2.24e+07,2.01e+07,7.05e+02,6.45e+03,2.29e+06,8.06e+04,1.63e+08,9.42e+05,7.78e+04,4.71e+05,1.61e+08,3.19e+05,0,0,0
IMAGENET,PTB,8,False,False,False,7,2.40e+07,2.01e+07,7.05e+02,6.45e+03,3.84e+06,8.06e+04,2.94e+08,9.42e+05,7.78e+04,4.71e+05,2.93e+08,3.19e+05,0,0,0
IMAGENET,PTB,8,False,False,False,8,2.16e+07,2.01e+07,7.05e+02,6.45e+03,1.46e+06,8.06e+04,6.42e+07,9.42e+05,7.78e+04,4.71e+05,6.23e+07,3.19e+05,0,0,0
IMAGENET,PTB,8,False,False,False,9,3.81e+06,2.77e+06,1.30e+03,1.61e+03,9.94e+05,4.03e+04,1.21e+08,2.59e+05,1.49e+05,2.36e+05,1.20e+08,1.60e+05,0,0,0
IMAGENET,PTB,8,False,False,False,10,1.16e+07,1.01e+07,2.59e+03,6.45e+03,1.54e+06,4.03e+04,8.42e+07,5.69e+05,5.95e+05,4.71e+05,8.24e+07,1.60e+05,0,0,0
IMAGENET,PTB,8,False,False,False,11,1.25e+07,1.01e+07,2.59e+03,6.45e+03,2.44e+06,4.03e+04,1.92e+08,5.69e+05,5.95e+05,4.71e+05,1.90e+08,1.60e+05,0,0,0
IMAGENET,PTB,8,False,False,False,12,1.11e+07,1.01e+07,2.59e+03,6.45e+03,1.03e+06,4.03e+04,6.76e+07,5.69e+05,5.95e+05,4.71e+05,6.58e+07,1.60e+05,0,0,0
IMAGENET,PTB,8,False,False,False,13,1.95e+06,1.42e+06,4.96e+03,1.61e+03,5.04e+05,2.02e+04,8.70e+07,3.20e+05,1.16e+06,2.36e+05,8.52e+07,7.98e+04,0,0,0
IMAGENET,PTB,8,False,False,False,14,3.05e+06,2.59e+06,9.93e+03,3.22e+03,4.23e+05,2.02e+04,5.22e+07,1.05e+06,4.65e+06,4.71e+05,4.59e+07,7.98e+04,0,0,0
IMAGENET,PTB,8,False,False,False,15,3.49e+06,2.59e+06,9.93e+03,3.22e+03,8.66e+05,2.02e+04,7.99e+07,1.05e+06,4.65e+06,4.71e+05,7.37e+07,7.98e+04,0,0,0
IMAGENET,PTB,8,False,False,False,16,1.43e+06,8.97e+05,9.93e+03,3.22e+03,4.98e+05,2.24e+04,7.47e+07,8.72e+05,4.65e+06,4.71e+05,6.87e+07,7.98e+04,0,0,0
CIFAR10DVS,ComPASS,64,False,False,False,1,5.37e+07,4.93e+07,9.50e+00,3.37e+04,2.29e+06,2.13e+06,5.69e+07,1.32e+05,9.18e+01,2.73e+05,4.91e+07,6.67e+06,0,0,0
CIFAR10DVS,ComPASS,64,False,False,False,2,8.78e+06,4.39e+06,7.05e+02,3.37e+04,3.83e+06,5.32e+05,6.24e+08,1.24e+06,7.80e+04,2.46e+06,6.12e+08,1.67e+06,0,0,0
CIFAR10DVS,ComPASS,64,False,False,False,3,3.56e+06,2.20e+06,7.05e+02,1.68e+04,1.21e+06,1.33e+05,1.36e+08,3.19e+05,7.80e+04,6.15e+05,1.33e+08,4.17e+05,0,0,0
CIFAR10DVS,ComPASS,64,False,False,False,4,8.63e+05,5.53e+05,7.05e+02,4.21e+03,2.71e+05,3.41e+04,2.63e+07,9.02e+04,7.80e+04,1.54e+05,2.55e+07,1.04e+05,0,0,0
CIFAR10DVS,ComPASS,64,False,False,False,5,1.78e+05,1.47e+05,1.76e+04,6.58e+01,1.16e+04,1.52e+03,2.24e+07,2.57e+06,1.47e+07,1.71e+04,5.01e+06,1.64e+03,0,0,0
CIFAR10DVS,ComPASS,64,False,False,False,6,3.58e+03,2.26e+03,7.06e+01,1.29e+00,1.34e+02,1.12e+03,5.65e+03,6.13e+02,2.47e+03,2.09e+01,1.81e+03,3.87e+01,0,0,0
CIFAR10DVS,ComPASS,0,True,False,True,1,3.09e+07,2.55e+07,4.92e+00,3.37e+04,3.19e+06,2.13e+06,7.24e+07,6.85e+04,4.75e+01,2.73e+05,6.54e+07,6.67e+06,0,0,0
CIFAR10DVS,ComPASS,0,True,False,True,2,8.98e+06,1.89e+06,3.04e+02,3.37e+04,6.53e+06,5.32e+05,9.58e+08,5.33e+05,3.36e+04,2.46e+06,9.53e+08,1.67e+06,0,0,0
CIFAR10DVS,ComPASS,0,True,False,True,3,4.25e+06,1.06e+06,3.41e+02,1.68e+04,3.04e+06,1.33e+05,3.10e+08,1.55e+05,3.77e+04,6.15e+05,3.09e+08,4.17e+05,0,0,0
CIFAR10DVS,ComPASS,0,True,False,True,4,1.00e+06,2.01e+05,2.57e+02,4.21e+03,7.67e+05,3.41e+04,6.73e+07,3.28e+04,2.84e+04,1.54e+05,6.71e+07,1.04e+05,0,0,0
CIFAR10DVS,ComPASS,0,True,False,True,5,3.13e+04,5.06e+04,6.05e+03,6.58e+01,1.92e+04,1.52e+03,3.02e+06,8.83e+05,5.05e+06,1.71e+04,8.95e+06,1.64e+03,0,0,0
CIFAR10DVS,ComPASS,0,True,False,True,6,1.57e+03,6.13e+02,1.91e+01,1.29e+00,3.60e+02,1.12e+03,1.30e+04,1.66e+02,6.68e+02,2.09e+01,1.50e+04,3.87e+01,0,0,0
CIFAR10DVS,PTB,24,False,False,False,1,6.58e+07,4.93e+07,9.50e+00,3.37e+04,1.43e+07,2.13e+06,7.18e+07,1.32e+05,9.16e+01,2.73e+05,6.47e+07,6.67e+06,0,0,0
CIFAR10DVS,PTB,24,False,False,False,2,5.29e+07,4.39e+06,7.05e+02,3.37e+04,4.80e+07,5.32e+05,9.52e+08,1.24e+06,7.78e+04,2.46e+06,9.47e+08,1.67e+06,0,0,0
CIFAR10DVS,PTB,24,False,False,False,3,1.92e+07,2.20e+06,7.05e+02,1.68e+04,1.68e+07,1.33e+05,3.08e+08,3.19e+05,7.78e+04,6.15e+05,3.07e+08,4.17e+05,0,0,0
CIFAR10DVS,PTB,24,False,False,False,4,4.96e+06,5.53e+05,7.05e+02,4.21e+03,4.36e+06,3.41e+04,6.71e+07,9.02e+04,7.78e+04,1.54e+05,6.66e+07,1.04e+05,0,0,0
CIFAR10DVS,PTB,24,False,False,False,5,2.76e+05,1.47e+05,1.76e+04,6.58e+01,1.09e+05,1.52e+03,2.62e+07,2.57e+06,1.47e+07,1.71e+04,8.90e+06,1.64e+03,0,0,0
CIFAR10DVS,PTB,24,False,False,False,6,4.74e+03,2.26e+03,7.06e+01,1.29e+00,1.30e+03,1.12e+03,1.75e+04,6.13e+02,2.46e+03,2.09e+01,1.43e+04,3.87e+01,0,0,0
IMAGENET,ComPASS,32,False,False,False,1,1.92e+07,1.86e+07,2.04e+02,3.22e+03,4.34e+05,1.61e+05,1.83e+08,1.86e+06,1.11e+04,4.71e+05,1.78e+08,6.39e+05,0,0,0
IMAGENET,ComPASS,32,False,False,False,2,1.95e+07,1.86e+07,2.04e+02,3.22e+03,6.78e+05,1.61e+05,1.69e+08,1.86e+06,1.11e+04,4.71e+05,1.63e+08,6.39e+05,0,0,0
IMAGENET,ComPASS,32,False,False,False,3,1.93e+07,1.86e+07,2.04e+02,3.22e+03,5.43e+05,1.61e+05,2.39e+08,1.86e+06,1.11e+04,4.71e+05,2.33e+08,6.39e+05,0,0,0
IMAGENET,ComPASS,32,False,False,False,4,1.95e+07,1.86e+07,2.04e+02,3.22e+03,6.88e+05,1.61e+05,2.35e+08,1.86e+06,1.11e+04,4.71e+05,2.30e+08,6.39e+05,0,0,0
IMAGENET,ComPASS,32,False,False,False,5,5.41e+06,5.13e+06,3.52e+02,1.61e+03,2.02e+05,8.06e+04,9.98e+07,4.69e+05,2.04e+04,2.36e+05,9.82e+07,3.19e+05,0,0,0
IMAGENET,ComPASS,32,False,False,False,6,2.12e+07,2.01e+07,7.05e+02,6.45e+03,1.06e+06,8.06e+04,1.43e+08,9.42e+05,7.80e+04,4.71e+05,1.40e+08,3.19e+05,0,0,0
IMAGENET,ComPASS,32,False,False,False,7,2.06e+07,2.01e+07,7.05e+02,6.45e+03,4.45e+05,8.06e+04,1.00e+08,9.42e+05,7.80e+04,4.71e+05,9.70e+07,3.19e+05,0,0,0
IMAGENET,ComPASS,32,False,False,False,8,2.09e+07,2.01e+07,7.05e+02,6.45e+03,7.75e+05,8.06e+04,5.34e+07,9.42e+05,7.80e+04,4.71e+05,5.03e+07,3.19e+05,0,0,0
IMAGENET,ComPASS,32,False,False,False,9,2.94e+06,2.77e+06,1.30e+03,1.61e+03,1.30e+05,4.03e+04,4.71e+07,2.59e+05,1.49e+05,2.36e+05,4.57e+07,1.60e+05,0,0,0
IMAGENET,ComPASS,32,False,False,False,10,1.09e+07,1.01e+07,2.59e+03,6.45e+03,7.94e+05,4.03e+04,6.05e+07,5.69e+05,5.96e+05,4.71e+05,5.75e+07,1.60e+05,0,0,0
IMAGENET,ComPASS,32,False,False,False,11,1.06e+07,1.01e+07,2.59e+03,6.45e+03,4.62e+05,4.03e+04,7.81e+07,5.69e+05,5.96e+05,4.71e+05,7.50e+07,1.60e+05,0,0,0
IMAGENET,ComPASS,32,False,False,False,12,1.08e+07,1.01e+07,2.59e+03,6.45e+03,6.72e+05,4.03e+04,5.02e+07,5.69e+05,5.96e+05,4.71e+05,4.71e+07,1.60e+05,0,0,0
IMAGENET,ComPASS,32,False,False,False,13,1.56e+06,1.42e+06,4.96e+03,1.61e+03,1.13e+05,2.02e+04,3.18e+07,3.20e+05,1.16e+06,2.36e+05,2.94e+07,7.98e+04,0,0,0
IMAGENET,ComPASS,32,False,False,False,14,2.82e+06,2.59e+06,9.93e+03,3.22e+03,1.94e+05,2.02e+04,3.01e+07,1.05e+06,4.66e+06,4.71e+05,2.26e+07,7.98e+04,0,0,0
IMAGENET,ComPASS,32,False,False,False,15,2.87e+06,2.59e+06,9.93e+03,3.22e+03,2.48e+05,2.02e+04,4.23e+07,1.05e+06,4.66e+06,4.71e+05,3.48e+07,7.98e+04,0,0,0
IMAGENET,ComPASS,32,False,False,False,16,1.24e+06,8.97e+05,9.93e+03,3.22e+03,3.12e+05,2.24e+04,5.57e+07,8.72e+05,4.66e+06,4.71e+05,4.84e+07,7.98e+04,0,0,0
CIFAR10DVS,ComPASS,32,False,False,False,1,5.37e+07,4.93e+07,9.50e+00,3.37e+04,2.24e+06,2.13e+06,5.66e+07,1.32e+05,9.18e+01,2.73e+05,4.88e+07,6.67e+06,0,0,0
CIFAR10DVS,ComPASS,32,False,False,False,2,8.73e+06,4.39e+06,7.05e+02,3.37e+04,3.78e+06,5.32e+05,6.26e+08,1.24e+06,7.80e+04,2.46e+06,6.14e+08,1.67e+06,0,0,0
CIFAR10DVS,ComPASS,32,False,False,False,3,3.63e+06,2.20e+06,7.05e+02,1.68e+04,1.28e+06,1.33e+05,1.44e+08,3.19e+05,7.80e+04,6.15e+05,1.41e+08,4.17e+05,0,0,0
CIFAR10DVS,ComPASS,32,False,False,False,4,8.86e+05,5.53e+05,7.05e+02,4.21e+03,2.94e+05,3.41e+04,2.86e+07,9.02e+04,7.80e+04,1.54e+05,2.78e+07,1.04e+05,0,0,0
CIFAR10DVS,ComPASS,32,False,False,False,5,1.79e+05,1.47e+05,1.76e+04,6.58e+01,1.21e+04,1.52e+03,2.27e+07,2.57e+06,1.47e+07,1.71e+04,5.31e+06,1.64e+03,0,0,0
CIFAR10DVS,ComPASS,32,False,False,False,6,3.60e+03,2.26e+03,7.06e+01,1.29e+00,1.50e+02,1.12e+03,6.49e+03,6.13e+02,2.47e+03,2.09e+01,2.65e+03,3.87e+01,0,0,0
DVS128GestureSimplify,Strawman,0,False,False,False,1,5.31e+07,4.93e+07,9.50e+00,5.52e+05,1.11e+06,2.13e+06,3.39e+07,1.32e+05,9.16e+01,2.97e+06,2.41e+07,6.67e+06,0,0,0
DVS128GestureSimplify,Strawman,0,False,False,False,2,1.43e+07,4.39e+06,7.05e+02,3.11e+06,6.27e+06,5.32e+05,8.60e+08,1.24e+06,7.78e+04,9.40e+07,7.63e+08,1.67e+06,0,0,0
DVS128GestureSimplify,Strawman,0,False,False,False,3,6.70e+06,2.20e+06,7.05e+02,1.46e+06,2.91e+06,1.33e+05,1.56e+08,3.19e+05,7.78e+04,1.70e+07,1.38e+08,4.17e+05,0,0,0
DVS128GestureSimplify,Strawman,0,False,False,False,4,1.64e+06,5.53e+05,7.05e+02,3.50e+05,6.99e+05,3.41e+04,2.91e+07,9.02e+04,7.78e+04,3.16e+06,2.57e+07,1.04e+05,0,0,0
DVS128GestureSimplify,Strawman,0,False,False,False,5,1.93e+05,1.47e+05,1.76e+04,6.58e+03,1.94e+04,1.52e+03,2.73e+07,2.57e+06,1.47e+07,8.84e+05,9.17e+06,1.64e+03,0,0,0
DVS128GestureSimplify,Strawman,0,False,False,False,6,4.01e+03,2.29e+03,7.26e+01,1.41e+02,3.86e+02,1.12e+03,2.41e+04,6.32e+02,2.57e+03,2.27e+03,1.86e+04,4.28e+01,0,0,0
CIFAR10DVS,PTB,100,False,False,False,1,1.13e+08,4.93e+07,9.50e+00,3.37e+04,6.18e+07,2.13e+06,7.18e+07,1.32e+05,9.16e+01,2.73e+05,6.47e+07,6.67e+06,0,0,0
CIFAR10DVS,PTB,100,False,False,False,2,2.12e+08,4.39e+06,7.05e+02,3.37e+04,2.07e+08,5.32e+05,9.52e+08,1.24e+06,7.78e+04,2.46e+06,9.47e+08,1.67e+06,0,0,0
CIFAR10DVS,PTB,100,False,False,False,3,7.51e+07,2.20e+06,7.05e+02,1.68e+04,7.27e+07,1.33e+05,3.08e+08,3.19e+05,7.78e+04,6.15e+05,3.07e+08,4.17e+05,0,0,0
CIFAR10DVS,PTB,100,False,False,False,4,1.93e+07,5.53e+05,7.05e+02,4.21e+03,1.87e+07,3.41e+04,6.71e+07,9.02e+04,7.78e+04,1.54e+05,6.66e+07,1.04e+05,0,0,0
CIFAR10DVS,PTB,100,False,False,False,5,6.15e+05,1.47e+05,1.76e+04,6.58e+01,4.49e+05,1.52e+03,2.62e+07,2.57e+06,1.47e+07,1.71e+04,8.90e+06,1.64e+03,0,0,0
CIFAR10DVS,PTB,100,False,False,False,6,8.61e+03,2.26e+03,7.06e+01,1.29e+00,5.16e+03,1.12e+03,1.75e+04,6.13e+02,2.46e+03,2.09e+01,1.43e+04,3.87e+01,0,0,0
DVS128GestureSimplify,PTB,64,False,False,False,1,8.36e+07,4.93e+07,9.50e+00,3.37e+04,3.22e+07,2.13e+06,3.12e+07,1.32e+05,9.16e+01,2.73e+05,2.41e+07,6.67e+06,0,0,0
DVS128GestureSimplify,PTB,64,False,False,False,2,1.28e+08,4.39e+06,7.05e+02,3.37e+04,1.23e+08,5.32e+05,7.68e+08,1.24e+06,7.78e+04,2.46e+06,7.63e+08,1.67e+06,0,0,0
DVS128GestureSimplify,PTB,64,False,False,False,3,4.28e+07,2.20e+06,7.05e+02,1.68e+04,4.05e+07,1.33e+05,1.39e+08,3.19e+05,7.78e+04,6.15e+05,1.38e+08,4.17e+05,0,0,0
DVS128GestureSimplify,PTB,64,False,False,False,4,8.52e+06,5.53e+05,7.05e+02,4.21e+03,7.93e+06,3.41e+04,2.61e+07,9.02e+04,7.78e+04,1.54e+05,2.57e+07,1.04e+05,0,0,0
DVS128GestureSimplify,PTB,64,False,False,False,5,5.61e+05,1.47e+05,1.76e+04,6.58e+01,3.94e+05,1.52e+03,2.65e+07,2.57e+06,1.47e+07,1.71e+04,9.17e+06,1.64e+03,0,0,0
DVS128GestureSimplify,PTB,64,False,False,False,6,1.07e+04,2.29e+03,7.26e+01,1.41e+00,7.22e+03,1.12e+03,2.18e+04,6.32e+02,2.57e+03,2.29e+01,1.86e+04,4.28e+01,0,0,0
DVS128GestureSimplify,ComPASS,0,True,False,True,1,1.23e+07,9.02e+06,1.74e+00,3.37e+04,1.11e+06,2.13e+06,3.18e+07,2.42e+04,1.68e+01,2.73e+05,2.48e+07,6.67e+06,0,0,0
DVS128GestureSimplify,ComPASS,0,True,False,True,2,8.21e+06,1.38e+06,2.21e+02,3.37e+04,6.27e+06,5.32e+05,7.74e+08,3.88e+05,2.45e+04,2.46e+06,7.69e+08,1.67e+06,0,0,0
DVS128GestureSimplify,ComPASS,0,True,False,True,3,3.55e+06,4.90e+05,1.57e+02,1.68e+04,2.91e+06,1.33e+05,1.40e+08,7.12e+04,1.74e+04,6.15e+05,1.39e+08,4.17e+05,0,0,0
DVS128GestureSimplify,ComPASS,0,True,False,True,4,8.26e+05,9.35e+04,1.19e+02,4.21e+03,6.99e+05,3.41e+04,2.63e+07,1.52e+04,1.32e+04,1.54e+05,2.61e+07,1.04e+05,0,0,0
DVS128GestureSimplify,ComPASS,0,True,False,True,5,1.74e+03,6.37e+04,7.62e+03,6.58e+01,1.94e+04,1.52e+03,1.21e+06,1.11e+06,6.36e+06,1.71e+04,9.21e+06,1.64e+03,0,0,0
DVS128GestureSimplify,ComPASS,0,True,False,True,6,2.35e+03,1.18e+03,3.75e+01,1.41e+00,3.86e+02,1.12e+03,1.89e+04,3.26e+02,1.33e+03,2.29e+01,1.93e+04,4.28e+01,0,0,0
DVS128GestureSimplify,ComPASS,64,False,False,False,1,5.22e+07,4.93e+07,9.50e+00,3.37e+04,7.40e+05,2.13e+06,2.43e+07,1.32e+05,9.18e+01,2.73e+05,1.65e+07,6.67e+06,0,0,0
DVS128GestureSimplify,ComPASS,64,False,False,False,2,7.03e+06,4.39e+06,7.05e+02,3.37e+04,2.08e+06,5.32e+05,2.97e+08,1.24e+06,7.80e+04,2.46e+06,2.85e+08,1.67e+06,0,0,0
DVS128GestureSimplify,ComPASS,64,False,False,False,3,3.09e+06,2.20e+06,7.05e+02,1.68e+04,7.47e+05,1.33e+05,4.64e+07,3.19e+05,7.80e+04,6.15e+05,4.34e+07,4.17e+05,0,0,0
DVS128GestureSimplify,ComPASS,64,False,False,False,4,9.51e+05,5.53e+05,7.05e+02,4.21e+03,3.59e+05,3.41e+04,1.61e+07,9.02e+04,7.80e+04,1.54e+05,1.53e+07,1.04e+05,0,0,0
DVS128GestureSimplify,ComPASS,64,False,False,False,5,1.82e+05,1.47e+05,1.76e+04,6.58e+01,1.49e+04,1.52e+03,2.38e+07,2.57e+06,1.47e+07,1.71e+04,6.49e+06,1.64e+03,0,0,0
DVS128GestureSimplify,ComPASS,64,False,False,False,6,3.64e+03,2.29e+03,7.26e+01,1.41e+00,1.63e+02,1.12e+03,7.98e+03,6.32e+02,2.57e+03,2.29e+01,4.00e+03,4.28e+01,0,0,0
DVS128GestureSimplify,ComPASS,0,True,False,False,1,5.26e+07,4.93e+07,9.50e+00,3.37e+04,1.11e+06,2.13e+06,3.19e+07,1.32e+05,9.18e+01,2.73e+05,2.48e+07,6.67e+06,0,0,0
DVS128GestureSimplify,ComPASS,0,True,False,False,2,1.12e+07,4.39e+06,7.05e+02,3.37e+04,6.27e+06,5.32e+05,7.75e+08,1.24e+06,7.80e+04,2.46e+06,7.69e+08,1.67e+06,0,0,0
DVS128GestureSimplify,ComPASS,0,True,False,False,3,5.26e+06,2.20e+06,7.05e+02,1.68e+04,2.91e+06,1.33e+05,1.41e+08,3.19e+05,7.80e+04,6.15e+05,1.39e+08,4.17e+05,0,0,0
DVS128GestureSimplify,ComPASS,0,True,False,False,4,1.29e+06,5.53e+05,7.05e+02,4.21e+03,6.99e+05,3.41e+04,2.65e+07,9.02e+04,7.80e+04,1.54e+05,2.61e+07,1.04e+05,0,0,0
DVS128GestureSimplify,ComPASS,0,True,False,False,5,1.86e+05,1.47e+05,1.76e+04,6.58e+01,1.94e+04,1.52e+03,2.65e+07,2.57e+06,1.47e+07,1.71e+04,9.21e+06,1.64e+03,0,0,0
DVS128GestureSimplify,ComPASS,0,True,False,False,6,3.87e+03,2.29e+03,7.26e+01,1.41e+00,3.86e+02,1.12e+03,2.26e+04,6.32e+02,2.57e+03,2.29e+01,1.93e+04,4.28e+01,0,0,0
CIFAR10DVS,Strawman,0,False,False,False,1,5.62e+07,4.93e+07,9.50e+00,1.59e+06,3.19e+06,2.13e+06,7.95e+07,1.32e+05,9.16e+01,7.97e+06,6.47e+07,6.67e+06,0,0,0
CIFAR10DVS,Strawman,0,False,False,False,2,1.47e+07,4.39e+06,7.05e+02,3.24e+06,6.53e+06,5.32e+05,1.07e+09,1.24e+06,7.78e+04,1.17e+08,9.47e+08,1.67e+06,0,0,0
CIFAR10DVS,Strawman,0,False,False,False,3,6.89e+06,2.20e+06,7.05e+02,1.52e+06,3.04e+06,1.33e+05,3.46e+08,3.19e+05,7.78e+04,3.78e+07,3.07e+08,4.17e+05,0,0,0
CIFAR10DVS,Strawman,0,False,False,False,4,1.74e+06,5.53e+05,7.05e+02,3.83e+05,7.67e+05,3.41e+04,7.51e+07,9.02e+04,7.78e+04,8.21e+06,6.66e+07,1.04e+05,0,0,0
CIFAR10DVS,Strawman,0,False,False,False,5,1.92e+05,1.47e+05,1.76e+04,6.51e+03,1.92e+04,1.52e+03,2.70e+07,2.57e+06,1.47e+07,8.51e+05,8.90e+06,1.64e+03,0,0,0
CIFAR10DVS,Strawman,0,False,False,False,6,3.94e+03,2.26e+03,7.06e+01,1.29e+02,3.60e+02,1.12e+03,1.92e+04,6.13e+02,2.46e+03,1.75e+03,1.43e+04,3.87e+01,0,0,0
DVS128GestureSimplify,PTB,100,False,False,False,1,1.11e+08,4.93e+07,9.50e+00,3.37e+04,5.96e+07,2.13e+06,3.12e+07,1.32e+05,9.16e+01,2.73e+05,2.41e+07,6.67e+06,0,0,0
DVS128GestureSimplify,PTB,100,False,False,False,2,2.39e+08,4.39e+06,7.05e+02,3.37e+04,2.34e+08,5.32e+05,7.68e+08,1.24e+06,7.78e+04,2.46e+06,7.63e+08,1.67e+06,0,0,0
DVS128GestureSimplify,PTB,100,False,False,False,3,8.09e+07,2.20e+06,7.05e+02,1.68e+04,7.85e+07,1.33e+05,1.39e+08,3.19e+05,7.78e+04,6.15e+05,1.38e+08,4.17e+05,0,0,0
DVS128GestureSimplify,PTB,100,False,False,False,4,1.58e+07,5.53e+05,7.05e+02,4.21e+03,1.52e+07,3.41e+04,2.61e+07,9.02e+04,7.78e+04,1.54e+05,2.57e+07,1.04e+05,0,0,0
DVS128GestureSimplify,PTB,100,False,False,False,5,9.52e+05,1.47e+05,1.76e+04,6.58e+01,7.85e+05,1.52e+03,2.65e+07,2.57e+06,1.47e+07,1.71e+04,9.17e+06,1.64e+03,0,0,0
DVS128GestureSimplify,PTB,100,False,False,False,6,1.68e+04,2.29e+03,7.26e+01,1.41e+00,1.34e+04,1.12e+03,2.18e+04,6.32e+02,2.57e+03,2.29e+01,1.86e+04,4.28e+01,0,0,0
IMAGENET,PTB,32,False,False,False,1,3.18e+07,1.86e+07,2.04e+02,3.22e+03,1.30e+07,1.61e+05,2.86e+08,1.86e+06,1.10e+04,4.71e+05,2.83e+08,6.39e+05,0,0,0
IMAGENET,PTB,32,False,False,False,2,2.32e+07,1.86e+07,2.04e+02,3.22e+03,4.36e+06,1.61e+05,1.60e+08,1.86e+06,1.10e+04,4.71e+05,1.57e+08,6.39e+05,0,0,0
IMAGENET,PTB,32,False,False,False,3,3.00e+07,1.86e+07,2.04e+02,3.22e+03,1.13e+07,1.61e+05,3.30e+08,1.86e+06,1.10e+04,4.71e+05,3.27e+08,6.39e+05,0,0,0
IMAGENET,PTB,32,False,False,False,4,2.22e+07,1.86e+07,2.04e+02,3.22e+03,3.36e+06,1.61e+05,2.24e+08,1.86e+06,1.10e+04,4.71e+05,2.21e+08,6.39e+05,0,0,0
IMAGENET,PTB,32,False,False,False,5,9.44e+06,5.13e+06,3.52e+02,1.61e+03,4.23e+06,8.06e+04,1.79e+08,4.69e+05,2.04e+04,2.36e+05,1.78e+08,3.19e+05,0,0,0
IMAGENET,PTB,32,False,False,False,6,2.92e+07,2.01e+07,7.05e+02,6.45e+03,8.99e+06,8.06e+04,1.63e+08,9.42e+05,7.78e+04,4.71e+05,1.61e+08,3.19e+05,0,0,0
IMAGENET,PTB,32,False,False,False,7,3.52e+07,2.01e+07,7.05e+02,6.45e+03,1.51e+07,8.06e+04,2.94e+08,9.42e+05,7.78e+04,4.71e+05,2.93e+08,3.19e+05,0,0,0
IMAGENET,PTB,32,False,False,False,8,2.59e+07,2.01e+07,7.05e+02,6.45e+03,5.70e+06,8.06e+04,6.42e+07,9.42e+05,7.78e+04,4.71e+05,6.23e+07,3.19e+05,0,0,0
IMAGENET,PTB,32,False,False,False,9,6.71e+06,2.77e+06,1.30e+03,1.61e+03,3.89e+06,4.03e+04,1.21e+08,2.59e+05,1.49e+05,2.36e+05,1.20e+08,1.60e+05,0,0,0
IMAGENET,PTB,32,False,False,False,10,1.62e+07,1.01e+07,2.59e+03,6.45e+03,6.06e+06,4.03e+04,8.42e+07,5.69e+05,5.95e+05,4.71e+05,8.24e+07,1.60e+05,0,0,0
IMAGENET,PTB,32,False,False,False,11,1.97e+07,1.01e+07,2.59e+03,6.45e+03,9.62e+06,4.03e+04,1.92e+08,5.69e+05,5.95e+05,4.71e+05,1.90e+08,1.60e+05,0,0,0
IMAGENET,PTB,32,False,False,False,12,1.42e+07,1.01e+07,2.59e+03,6.45e+03,4.06e+06,4.03e+04,6.76e+07,5.69e+05,5.95e+05,4.71e+05,6.58e+07,1.60e+05,0,0,0
IMAGENET,PTB,32,False,False,False,13,3.42e+06,1.42e+06,4.96e+03,1.61e+03,1.98e+06,2.02e+04,8.70e+07,3.20e+05,1.16e+06,2.36e+05,8.52e+07,7.98e+04,0,0,0
IMAGENET,PTB,32,False,False,False,14,4.28e+06,2.59e+06,9.93e+03,3.22e+03,1.66e+06,2.02e+04,5.22e+07,1.05e+06,4.65e+06,4.71e+05,4.59e+07,7.98e+04,0,0,0
IMAGENET,PTB,32,False,False,False,15,6.03e+06,2.59e+06,9.93e+03,3.22e+03,3.40e+06,2.02e+04,7.99e+07,1.05e+06,4.65e+06,4.71e+05,7.37e+07,7.98e+04,0,0,0
IMAGENET,PTB,32,False,False,False,16,2.88e+06,8.97e+05,9.93e+03,3.22e+03,1.95e+06,2.24e+04,7.47e+07,8.72e+05,4.65e+06,4.71e+05,6.87e+07,7.98e+04,0,0,0
CIFAR10DVS,PTB,8,False,False,False,1,5.63e+07,4.93e+07,9.50e+00,3.37e+04,4.85e+06,2.13e+06,7.18e+07,1.32e+05,9.16e+01,2.73e+05,6.47e+07,6.67e+06,0,0,0
CIFAR10DVS,PTB,8,False,False,False,2,2.12e+07,4.39e+06,7.05e+02,3.37e+04,1.63e+07,5.32e+05,9.52e+08,1.24e+06,7.78e+04,2.46e+06,9.47e+08,1.67e+06,0,0,0
CIFAR10DVS,PTB,8,False,False,False,3,8.04e+06,2.20e+06,7.05e+02,1.68e+04,5.70e+06,1.33e+05,3.08e+08,3.19e+05,7.78e+04,6.15e+05,3.07e+08,4.17e+05,0,0,0
CIFAR10DVS,PTB,8,False,False,False,4,2.06e+06,5.53e+05,7.05e+02,4.21e+03,1.47e+06,3.41e+04,6.71e+07,9.02e+04,7.78e+04,1.54e+05,6.66e+07,1.04e+05,0,0,0
CIFAR10DVS,PTB,8,False,False,False,5,2.08e+05,1.47e+05,1.76e+04,6.58e+01,4.09e+04,1.52e+03,2.62e+07,2.57e+06,1.47e+07,1.71e+04,8.90e+06,1.64e+03,0,0,0
CIFAR10DVS,PTB,8,False,False,False,6,3.95e+03,2.26e+03,7.06e+01,1.29e+00,5.04e+02,1.12e+03,1.75e+04,6.13e+02,2.46e+03,2.09e+01,1.43e+04,3.87e+01,0,0,0
IMAGENET,ComPASS,24,False,False,False,1,1.93e+07,1.86e+07,2.04e+02,3.22e+03,4.54e+05,1.61e+05,1.90e+08,1.86e+06,1.11e+04,4.71e+05,1.85e+08,6.39e+05,0,0,0
IMAGENET,ComPASS,24,False,False,False,2,1.95e+07,1.86e+07,2.04e+02,3.22e+03,6.86e+05,1.61e+05,1.73e+08,1.86e+06,1.11e+04,4.71e+05,1.67e+08,6.39e+05,0,0,0
IMAGENET,ComPASS,24,False,False,False,3,1.94e+07,1.86e+07,2.04e+02,3.22e+03,5.64e+05,1.61e+05,2.46e+08,1.86e+06,1.11e+04,4.71e+05,2.41e+08,6.39e+05,0,0,0
IMAGENET,ComPASS,24,False,False,False,4,1.95e+07,1.86e+07,2.04e+02,3.22e+03,6.90e+05,1.61e+05,2.39e+08,1.86e+06,1.11e+04,4.71e+05,2.34e+08,6.39e+05,0,0,0
IMAGENET,ComPASS,24,False,False,False,5,5.42e+06,5.13e+06,3.52e+02,1.61e+03,2.13e+05,8.06e+04,1.02e+08,4.69e+05,2.04e+04,2.36e+05,1.00e+08,3.19e+05,0,0,0
IMAGENET,ComPASS,24,False,False,False,6,2.12e+07,2.01e+07,7.05e+02,6.45e+03,1.06e+06,8.06e+04,1.47e+08,9.42e+05,7.80e+04,4.71e+05,1.44e+08,3.19e+05,0,0,0
IMAGENET,ComPASS,24,False,False,False,7,2.06e+07,2.01e+07,7.05e+02,6.45e+03,4.79e+05,8.06e+04,1.07e+08,9.42e+05,7.80e+04,4.71e+05,1.04e+08,3.19e+05,0,0,0
IMAGENET,ComPASS,24,False,False,False,8,2.10e+07,2.01e+07,7.05e+02,6.45e+03,8.02e+05,8.06e+04,5.49e+07,9.42e+05,7.80e+04,4.71e+05,5.18e+07,3.19e+05,0,0,0
IMAGENET,ComPASS,24,False,False,False,9,2.95e+06,2.77e+06,1.30e+03,1.61e+03,1.42e+05,4.03e+04,4.96e+07,2.59e+05,1.49e+05,2.36e+05,4.82e+07,1.60e+05,0,0,0
IMAGENET,ComPASS,24,False,False,False,10,1.09e+07,1.01e+07,2.59e+03,6.45e+03,8.30e+05,4.03e+04,6.22e+07,5.69e+05,5.96e+05,4.71e+05,5.91e+07,1.60e+05,0,0,0
IMAGENET,ComPASS,24,False,False,False,11,1.06e+07,1.01e+07,2.59e+03,6.45e+03,4.86e+05,4.03e+04,7.98e+07,5.69e+05,5.96e+05,4.71e+05,7.68e+07,1.60e+05,0,0,0
IMAGENET,ComPASS,24,False,False,False,12,1.08e+07,1.01e+07,2.59e+03,6.45e+03,6.63e+05,4.03e+04,5.11e+07,5.69e+05,5.96e+05,4.71e+05,4.81e+07,1.60e+05,0,0,0
IMAGENET,ComPASS,24,False,False,False,13,1.56e+06,1.42e+06,4.96e+03,1.61e+03,1.17e+05,2.02e+04,3.35e+07,3.20e+05,1.16e+06,2.36e+05,3.11e+07,7.98e+04,0,0,0
IMAGENET,ComPASS,24,False,False,False,14,2.81e+06,2.59e+06,9.93e+03,3.22e+03,1.88e+05,2.02e+04,3.09e+07,1.05e+06,4.66e+06,4.71e+05,2.34e+07,7.98e+04,0,0,0
IMAGENET,ComPASS,24,False,False,False,15,2.88e+06,2.59e+06,9.93e+03,3.22e+03,2.58e+05,2.02e+04,4.40e+07,1.05e+06,4.66e+06,4.71e+05,3.65e+07,7.98e+04,0,0,0
IMAGENET,ComPASS,24,False,False,False,16,1.23e+06,8.97e+05,9.93e+03,3.22e+03,2.98e+05,2.24e+04,5.45e+07,8.72e+05,4.66e+06,4.71e+05,4.72e+07,7.98e+04,0,0,0
DVS128GestureSimplify,PTB,32,False,False,False,1,6.99e+07,4.93e+07,9.50e+00,3.37e+04,1.84e+07,2.13e+06,3.12e+07,1.32e+05,9.16e+01,2.73e+05,2.41e+07,6.67e+06,0,0,0
DVS128GestureSimplify,PTB,32,False,False,False,2,7.70e+07,4.39e+06,7.05e+02,3.37e+04,7.20e+07,5.32e+05,7.68e+08,1.24e+06,7.78e+04,2.46e+06,7.63e+08,1.67e+06,0,0,0
DVS128GestureSimplify,PTB,32,False,False,False,3,2.63e+07,2.20e+06,7.05e+02,1.68e+04,2.40e+07,1.33e+05,1.39e+08,3.19e+05,7.78e+04,6.15e+05,1.38e+08,4.17e+05,0,0,0
DVS128GestureSimplify,PTB,32,False,False,False,4,5.23e+06,5.53e+05,7.05e+02,4.21e+03,4.64e+06,3.41e+04,2.61e+07,9.02e+04,7.78e+04,1.54e+05,2.57e+07,1.04e+05,0,0,0
DVS128GestureSimplify,PTB,32,False,False,False,5,4.10e+05,1.47e+05,1.76e+04,6.58e+01,2.43e+05,1.52e+03,2.65e+07,2.57e+06,1.47e+07,1.71e+04,9.17e+06,1.64e+03,0,0,0
DVS128GestureSimplify,PTB,32,False,False,False,6,7.66e+03,2.29e+03,7.26e+01,1.41e+00,4.18e+03,1.12e+03,2.18e+04,6.32e+02,2.57e+03,2.29e+01,1.86e+04,4.28e+01,0,0,0
DVS128GestureSimplify,PTB,8,False,False,False,1,5.61e+07,4.93e+07,9.50e+00,3.37e+04,4.68e+06,2.13e+06,3.12e+07,1.32e+05,9.16e+01,2.73e+05,2.41e+07,6.67e+06,0,0,0
DVS128GestureSimplify,PTB,8,False,False,False,2,2.33e+07,4.39e+06,7.05e+02,3.37e+04,1.84e+07,5.32e+05,7.68e+08,1.24e+06,7.78e+04,2.46e+06,7.63e+08,1.67e+06,0,0,0
DVS128GestureSimplify,PTB,8,False,False,False,3,8.46e+06,2.20e+06,7.05e+02,1.68e+04,6.12e+06,1.33e+05,1.39e+08,3.19e+05,7.78e+04,6.15e+05,1.38e+08,4.17e+05,0,0,0
DVS128GestureSimplify,PTB,8,False,False,False,4,1.78e+06,5.53e+05,7.05e+02,4.21e+03,1.18e+06,3.41e+04,2.61e+07,9.02e+04,7.78e+04,1.54e+05,2.57e+07,1.04e+05,0,0,0
DVS128GestureSimplify,PTB,8,False,False,False,5,2.33e+05,1.47e+05,1.76e+04,6.58e+01,6.68e+04,1.52e+03,2.65e+07,2.57e+06,1.47e+07,1.71e+04,9.17e+06,1.64e+03,0,0,0
DVS128GestureSimplify,PTB,8,False,False,False,6,4.62e+03,2.29e+03,7.26e+01,1.41e+00,1.14e+03,1.12e+03,2.18e+04,6.32e+02,2.57e+03,2.29e+01,1.86e+04,4.28e+01,0,0,0
IMAGENET,ComPASS,0,True,True,False,1,1.92e+07,1.86e+07,2.04e+02,3.22e+03,3.73e+05,1.61e+05,1.63e+08,1.86e+06,1.11e+04,4.71e+05,1.60e+08,6.39e+05,0.61,0,0
IMAGENET,ComPASS,0,True,True,False,2,1.94e+07,1.86e+07,2.04e+02,3.22e+03,5.69e+05,1.61e+05,1.38e+08,1.86e+06,1.11e+04,4.71e+05,1.35e+08,6.39e+05,0.19,0,0
IMAGENET,ComPASS,0,True,True,False,3,1.93e+07,1.86e+07,2.04e+02,3.22e+03,5.06e+05,1.61e+05,2.17e+08,1.86e+06,1.11e+04,4.71e+05,2.14e+08,6.39e+05,0.51,0,0
IMAGENET,ComPASS,0,True,True,False,4,1.94e+07,1.86e+07,2.04e+02,3.22e+03,5.69e+05,1.61e+05,2.02e+08,1.86e+06,1.11e+04,4.71e+05,1.99e+08,6.39e+05,0.16,0,0
IMAGENET,ComPASS,0,True,True,False,5,5.38e+06,5.13e+06,3.52e+02,1.61e+03,1.74e+05,8.06e+04,8.76e+07,4.69e+05,2.04e+04,2.36e+05,8.66e+07,3.19e+05,0.67,0,0
IMAGENET,ComPASS,0,True,True,False,6,2.10e+07,2.01e+07,7.05e+02,6.45e+03,8.60e+05,8.06e+04,1.27e+08,9.42e+05,7.80e+04,4.71e+05,1.25e+08,3.19e+05,0.36,0,0
IMAGENET,ComPASS,0,True,True,False,7,2.05e+07,2.01e+07,7.05e+02,6.45e+03,3.35e+05,8.06e+04,7.88e+07,9.42e+05,7.80e+04,4.71e+05,7.70e+07,3.19e+05,0.86,0,0
IMAGENET,ComPASS,0,True,True,False,8,2.08e+07,2.01e+07,7.05e+02,6.45e+03,6.44e+05,8.06e+04,4.29e+07,9.42e+05,7.80e+04,4.71e+05,4.11e+07,3.19e+05,0.49,0,0
IMAGENET,ComPASS,0,True,True,False,9,2.92e+06,2.77e+06,1.30e+03,1.61e+03,1.05e+05,4.03e+04,3.74e+07,2.59e+05,1.49e+05,2.36e+05,3.66e+07,1.60e+05,0.81,0,0
IMAGENET,ComPASS,0,True,True,False,10,1.08e+07,1.01e+07,2.59e+03,6.45e+03,6.55e+05,4.03e+04,5.27e+07,5.69e+05,5.96e+05,4.71e+05,5.09e+07,1.60e+05,0.55,0,0
IMAGENET,ComPASS,0,True,True,False,11,1.05e+07,1.01e+07,2.59e+03,6.45e+03,3.92e+05,4.03e+04,6.41e+07,5.69e+05,5.96e+05,4.71e+05,6.23e+07,1.60e+05,0.82,0,0
IMAGENET,ComPASS,0,True,True,False,12,1.06e+07,1.01e+07,2.59e+03,6.45e+03,4.67e+05,4.03e+04,4.52e+07,5.69e+05,5.96e+05,4.71e+05,4.34e+07,1.60e+05,0.59,0,0
IMAGENET,ComPASS,0,True,True,False,13,1.54e+06,1.42e+06,4.96e+03,1.61e+03,8.96e+04,2.02e+04,2.72e+07,3.20e+05,1.16e+06,2.36e+05,2.54e+07,7.98e+04,0.87,0,0
IMAGENET,ComPASS,0,True,True,False,14,2.80e+06,2.59e+06,9.93e+03,3.22e+03,1.82e+05,2.02e+04,2.87e+07,1.05e+06,4.66e+06,4.71e+05,2.25e+07,7.98e+04,0.82,0,0
IMAGENET,ComPASS,0,True,True,False,15,2.84e+06,2.59e+06,9.93e+03,3.22e+03,2.13e+05,2.02e+04,3.95e+07,1.05e+06,4.66e+06,4.71e+05,3.33e+07,7.98e+04,0.80,0,0
IMAGENET,ComPASS,0,True,True,False,16,1.27e+06,8.97e+05,9.93e+03,3.22e+03,3.36e+05,2.24e+04,6.31e+07,8.72e+05,4.66e+06,4.71e+05,5.70e+07,7.98e+04,0.66,0,0
CIFAR10DVS,PTB,64,False,False,False,1,8.48e+07,4.93e+07,9.50e+00,3.37e+04,3.33e+07,2.13e+06,7.18e+07,1.32e+05,9.16e+01,2.73e+05,6.47e+07,6.67e+06,0,0,0
CIFAR10DVS,PTB,64,False,False,False,2,1.16e+08,4.39e+06,7.05e+02,3.37e+04,1.11e+08,5.32e+05,9.52e+08,1.24e+06,7.78e+04,2.46e+06,9.47e+08,1.67e+06,0,0,0
CIFAR10DVS,PTB,64,False,False,False,3,4.15e+07,2.20e+06,7.05e+02,1.68e+04,3.91e+07,1.33e+05,3.08e+08,3.19e+05,7.78e+04,6.15e+05,3.07e+08,4.17e+05,0,0,0
CIFAR10DVS,PTB,64,False,False,False,4,1.07e+07,5.53e+05,7.05e+02,4.21e+03,1.01e+07,3.41e+04,6.71e+07,9.02e+04,7.78e+04,1.54e+05,6.66e+07,1.04e+05,0,0,0
CIFAR10DVS,PTB,64,False,False,False,5,4.09e+05,1.47e+05,1.76e+04,6.58e+01,2.43e+05,1.52e+03,2.62e+07,2.57e+06,1.47e+07,1.71e+04,8.90e+06,1.64e+03,0,0,0
CIFAR10DVS,PTB,64,False,False,False,6,6.27e+03,2.26e+03,7.06e+01,1.29e+00,2.82e+03,1.12e+03,1.75e+04,6.13e+02,2.46e+03,2.09e+01,1.43e+04,3.87e+01,0,0,0
DVS128GestureSimplify,ComPASS,24,False,False,False,1,5.23e+07,4.93e+07,9.50e+00,3.37e+04,8.04e+05,2.13e+06,2.56e+07,1.32e+05,9.18e+01,2.73e+05,1.78e+07,6.67e+06,0,0,0
DVS128GestureSimplify,ComPASS,24,False,False,False,2,7.26e+06,4.39e+06,7.05e+02,3.37e+04,2.31e+06,5.32e+05,3.24e+08,1.24e+06,7.80e+04,2.46e+06,3.13e+08,1.67e+06,0,0,0
DVS128GestureSimplify,ComPASS,24,False,False,False,3,3.28e+06,2.20e+06,7.05e+02,1.68e+04,9.37e+05,1.33e+05,5.62e+07,3.19e+05,7.80e+04,6.15e+05,5.31e+07,4.17e+05,0,0,0
DVS128GestureSimplify,ComPASS,24,False,False,False,4,9.57e+05,5.53e+05,7.05e+02,4.21e+03,3.65e+05,3.41e+04,1.67e+07,9.02e+04,7.80e+04,1.54e+05,1.59e+07,1.04e+05,0,0,0
DVS128GestureSimplify,ComPASS,24,False,False,False,5,1.82e+05,1.47e+05,1.76e+04,6.58e+01,1.54e+04,1.52e+03,2.42e+07,2.57e+06,1.47e+07,1.71e+04,6.85e+06,1.64e+03,0,0,0
DVS128GestureSimplify,ComPASS,24,False,False,False,6,3.67e+03,2.29e+03,7.26e+01,1.41e+00,1.93e+02,1.12e+03,9.86e+03,6.32e+02,2.57e+03,2.29e+01,5.88e+03,4.28e+01,0,0,0
IMAGENET,Strawman,0,False,False,False,1,1.97e+07,1.86e+07,2.04e+02,2.78e+05,6.46e+05,1.61e+05,3.20e+08,1.86e+06,1.10e+04,3.49e+07,2.83e+08,6.39e+05,0,0,0
IMAGENET,Strawman,0,False,False,False,2,1.98e+07,1.86e+07,2.04e+02,2.95e+05,6.81e+05,1.61e+05,1.79e+08,1.86e+06,1.10e+04,1.93e+07,1.57e+08,6.39e+05,0,0,0
IMAGENET,Strawman,0,False,False,False,3,1.98e+07,1.86e+07,2.04e+02,3.20e+05,7.30e+05,1.61e+05,3.70e+08,1.86e+06,1.10e+04,4.04e+07,3.27e+08,6.39e+05,0,0,0
IMAGENET,Strawman,0,False,False,False,4,1.98e+07,1.86e+07,2.04e+02,2.98e+05,6.87e+05,1.61e+05,2.50e+08,1.86e+06,1.10e+04,2.72e+07,2.21e+08,6.39e+05,0,0,0
IMAGENET,Strawman,0,False,False,False,5,5.71e+06,5.13e+06,3.52e+02,1.61e+05,3.45e+05,8.06e+04,2.00e+08,4.69e+05,2.04e+04,2.19e+07,1.78e+08,3.19e+05,0,0,0
IMAGENET,Strawman,0,False,False,False,6,2.20e+07,2.01e+07,7.05e+02,6.24e+05,1.26e+06,8.06e+04,1.82e+08,9.42e+05,7.78e+04,1.98e+07,1.61e+08,3.19e+05,0,0,0
IMAGENET,Strawman,0,False,False,False,7,2.21e+07,2.01e+07,7.05e+02,6.43e+05,1.30e+06,8.06e+04,3.30e+08,9.42e+05,7.78e+04,3.61e+07,2.93e+08,3.19e+05,0,0,0
IMAGENET,Strawman,0,False,False,False,8,2.18e+07,2.01e+07,7.05e+02,5.53e+05,1.12e+06,8.06e+04,7.14e+07,9.42e+05,7.78e+04,7.68e+06,6.23e+07,3.19e+05,0,0,0
IMAGENET,Strawman,0,False,False,False,9,3.30e+06,2.77e+06,1.30e+03,1.61e+05,3.29e+05,4.03e+04,1.35e+08,2.59e+05,1.49e+05,1.48e+07,1.20e+08,1.60e+05,0,0,0
IMAGENET,Strawman,0,False,False,False,10,1.18e+07,1.01e+07,2.59e+03,5.79e+05,1.16e+06,4.03e+04,9.38e+07,5.69e+05,5.95e+05,1.01e+07,8.24e+07,1.60e+05,0,0,0
IMAGENET,Strawman,0,False,False,False,11,1.19e+07,1.01e+07,2.59e+03,6.10e+05,1.22e+06,4.03e+04,2.15e+08,5.69e+05,5.95e+05,2.34e+07,1.90e+08,1.60e+05,0,0,0
IMAGENET,Strawman,0,False,False,False,12,1.16e+07,1.01e+07,2.59e+03,5.03e+05,1.01e+06,4.03e+04,7.52e+07,5.69e+05,5.95e+05,8.10e+06,6.58e+07,1.60e+05,0,0,0
IMAGENET,Strawman,0,False,False,False,13,1.90e+06,1.42e+06,4.96e+03,1.51e+05,3.05e+05,2.02e+04,9.72e+07,3.20e+05,1.16e+06,1.05e+07,8.52e+07,7.98e+04,0,0,0
IMAGENET,Strawman,0,False,False,False,14,3.32e+06,2.59e+06,9.93e+03,2.33e+05,4.69e+05,2.02e+04,5.73e+07,1.05e+06,4.65e+06,5.58e+06,4.59e+07,7.98e+04,0,0,0
IMAGENET,Strawman,0,False,False,False,15,3.51e+06,2.59e+06,9.93e+03,2.95e+05,5.93e+05,2.02e+04,8.85e+07,1.05e+06,4.65e+06,9.01e+06,7.37e+07,7.98e+04,0,0,0
IMAGENET,Strawman,0,False,False,False,16,1.67e+06,8.97e+05,9.93e+03,2.47e+05,4.97e+05,2.24e+04,8.26e+07,8.72e+05,4.65e+06,8.38e+06,6.87e+07,7.98e+04,0,0,0
CIFAR10DVS,ComPASS,8,False,False,False,1,5.36e+07,4.93e+07,9.50e+00,3.37e+04,2.19e+06,2.13e+06,5.54e+07,1.32e+05,9.18e+01,2.73e+05,4.76e+07,6.67e+06,0,0,0
CIFAR10DVS,ComPASS,8,False,False,False,2,8.86e+06,4.39e+06,7.05e+02,3.37e+04,3.91e+06,5.32e+05,6.60e+08,1.24e+06,7.80e+04,2.46e+06,6.48e+08,1.67e+06,0,0,0
CIFAR10DVS,ComPASS,8,False,False,False,3,3.98e+06,2.20e+06,7.05e+02,1.68e+04,1.63e+06,1.33e+05,1.84e+08,3.19e+05,7.80e+04,6.15e+05,1.80e+08,4.17e+05,0,0,0
CIFAR10DVS,ComPASS,8,False,False,False,4,9.87e+05,5.53e+05,7.05e+02,4.21e+03,3.94e+05,3.41e+04,3.86e+07,9.02e+04,7.80e+04,1.54e+05,3.78e+07,1.04e+05,0,0,0
CIFAR10DVS,ComPASS,8,False,False,False,5,1.81e+05,1.47e+05,1.76e+04,6.58e+01,1.39e+04,1.52e+03,2.40e+07,2.57e+06,1.47e+07,1.71e+04,6.61e+06,1.64e+03,0,0,0
CIFAR10DVS,ComPASS,8,False,False,False,6,3.65e+03,2.26e+03,7.06e+01,1.29e+00,2.01e+02,1.12e+03,9.30e+03,6.13e+02,2.47e+03,2.09e+01,5.46e+03,3.87e+01,0,0,0
DVS128GestureSimplify,ComPASS,16,False,False,False,1,5.23e+07,4.93e+07,9.50e+00,3.37e+04,8.34e+05,2.13e+06,2.62e+07,1.32e+05,9.18e+01,2.73e+05,1.84e+07,6.67e+06,0,0,0
DVS128GestureSimplify,ComPASS,16,False,False,False,2,7.43e+06,4.39e+06,7.05e+02,3.37e+04,2.48e+06,5.32e+05,3.56e+08,1.24e+06,7.80e+04,2.46e+06,3.44e+08,1.67e+06,0,0,0
DVS128GestureSimplify,ComPASS,16,False,False,False,3,3.41e+06,2.20e+06,7.05e+02,1.68e+04,1.06e+06,1.33e+05,6.30e+07,3.19e+05,7.80e+04,6.15e+05,5.99e+07,4.17e+05,0,0,0
DVS128GestureSimplify,ComPASS,16,False,False,False,4,9.78e+05,5.53e+05,7.05e+02,4.21e+03,3.86e+05,3.41e+04,1.75e+07,9.02e+04,7.80e+04,1.54e+05,1.67e+07,1.04e+05,0,0,0
DVS128GestureSimplify,ComPASS,16,False,False,False,5,1.82e+05,1.47e+05,1.76e+04,6.58e+01,1.57e+04,1.52e+03,2.45e+07,2.57e+06,1.47e+07,1.71e+04,7.12e+06,1.64e+03,0,0,0
DVS128GestureSimplify,ComPASS,16,False,False,False,6,3.68e+03,2.29e+03,7.26e+01,1.41e+00,2.04e+02,1.12e+03,1.06e+04,6.32e+02,2.57e+03,2.29e+01,6.64e+03,4.28e+01,0,0,0
IMAGENET,PTB,64,False,False,False,1,4.13e+07,1.86e+07,2.04e+02,3.22e+03,2.25e+07,1.61e+05,2.86e+08,1.86e+06,1.10e+04,4.71e+05,2.83e+08,6.39e+05,0,0,0
IMAGENET,PTB,64,False,False,False,2,2.63e+07,1.86e+07,2.04e+02,3.22e+03,7.55e+06,1.61e+05,1.60e+08,1.86e+06,1.10e+04,4.71e+05,1.57e+08,6.39e+05,0,0,0
IMAGENET,PTB,64,False,False,False,3,3.83e+07,1.86e+07,2.04e+02,3.22e+03,1.95e+07,1.61e+05,3.30e+08,1.86e+06,1.10e+04,4.71e+05,3.27e+08,6.39e+05,0,0,0
IMAGENET,PTB,64,False,False,False,4,2.46e+07,1.86e+07,2.04e+02,3.22e+03,5.79e+06,1.61e+05,2.24e+08,1.86e+06,1.10e+04,4.71e+05,2.21e+08,6.39e+05,0,0,0
IMAGENET,PTB,64,False,False,False,5,1.26e+07,5.13e+06,3.52e+02,1.61e+03,7.37e+06,8.06e+04,1.79e+08,4.69e+05,2.04e+04,2.36e+05,1.78e+08,3.19e+05,0,0,0
IMAGENET,PTB,64,False,False,False,6,3.58e+07,2.01e+07,7.05e+02,6.45e+03,1.57e+07,8.06e+04,1.63e+08,9.42e+05,7.78e+04,4.71e+05,1.61e+08,3.19e+05,0,0,0
IMAGENET,PTB,64,False,False,False,7,4.65e+07,2.01e+07,7.05e+02,6.45e+03,2.64e+07,8.06e+04,2.94e+08,9.42e+05,7.78e+04,4.71e+05,2.93e+08,3.19e+05,0,0,0
IMAGENET,PTB,64,False,False,False,8,3.01e+07,2.01e+07,7.05e+02,6.45e+03,9.93e+06,8.06e+04,6.42e+07,9.42e+05,7.78e+04,4.71e+05,6.23e+07,3.19e+05,0,0,0
IMAGENET,PTB,64,False,False,False,9,9.62e+06,2.77e+06,1.30e+03,1.61e+03,6.81e+06,4.03e+04,1.21e+08,2.59e+05,1.49e+05,2.36e+05,1.20e+08,1.60e+05,0,0,0
IMAGENET,PTB,64,False,False,False,10,2.07e+07,1.01e+07,2.59e+03,6.45e+03,1.06e+07,4.03e+04,8.42e+07,5.69e+05,5.95e+05,4.71e+05,8.24e+07,1.60e+05,0,0,0
IMAGENET,PTB,64,False,False,False,11,2.68e+07,1.01e+07,2.59e+03,6.45e+03,1.67e+07,4.03e+04,1.92e+08,5.69e+05,5.95e+05,4.71e+05,1.90e+08,1.60e+05,0,0,0
IMAGENET,PTB,64,False,False,False,12,1.72e+07,1.01e+07,2.59e+03,6.45e+03,7.08e+06,4.03e+04,6.76e+07,5.69e+05,5.95e+05,4.71e+05,6.58e+07,1.60e+05,0,0,0
IMAGENET,PTB,64,False,False,False,13,4.90e+06,1.42e+06,4.96e+03,1.61e+03,3.46e+06,2.02e+04,8.70e+07,3.20e+05,1.16e+06,2.36e+05,8.52e+07,7.98e+04,0,0,0
IMAGENET,PTB,64,False,False,False,14,5.53e+06,2.59e+06,9.93e+03,3.22e+03,2.91e+06,2.02e+04,5.22e+07,1.05e+06,4.65e+06,4.71e+05,4.59e+07,7.98e+04,0,0,0
IMAGENET,PTB,64,False,False,False,15,8.61e+06,2.59e+06,9.93e+03,3.22e+03,5.99e+06,2.02e+04,7.99e+07,1.05e+06,4.65e+06,4.71e+05,7.37e+07,7.98e+04,0,0,0
IMAGENET,PTB,64,False,False,False,16,4.35e+06,8.97e+05,9.93e+03,3.22e+03,3.41e+06,2.24e+04,7.47e+07,8.72e+05,4.65e+06,4.71e+05,6.87e+07,7.98e+04,0,0,0
IMAGENET,PTB,16,False,False,False,1,2.54e+07,1.86e+07,2.04e+02,3.22e+03,6.57e+06,1.61e+05,2.86e+08,1.86e+06,1.10e+04,4.71e+05,2.83e+08,6.39e+05,0,0,0
IMAGENET,PTB,16,False,False,False,2,2.10e+07,1.86e+07,2.04e+02,3.22e+03,2.24e+06,1.61e+05,1.60e+08,1.86e+06,1.10e+04,4.71e+05,1.57e+08,6.39e+05,0,0,0
IMAGENET,PTB,16,False,False,False,3,2.45e+07,1.86e+07,2.04e+02,3.22e+03,5.70e+06,1.61e+05,3.30e+08,1.86e+06,1.10e+04,4.71e+05,3.27e+08,6.39e+05,0,0,0
IMAGENET,PTB,16,False,False,False,4,2.05e+07,1.86e+07,2.04e+02,3.22e+03,1.73e+06,1.61e+05,2.24e+08,1.86e+06,1.10e+04,4.71e+05,2.21e+08,6.39e+05,0,0,0
IMAGENET,PTB,16,False,False,False,5,7.35e+06,5.13e+06,3.52e+02,1.61e+03,2.14e+06,8.06e+04,1.79e+08,4.69e+05,2.04e+04,2.36e+05,1.78e+08,3.19e+05,0,0,0
IMAGENET,PTB,16,False,False,False,6,2.47e+07,2.01e+07,7.05e+02,6.45e+03,4.53e+06,8.06e+04,1.63e+08,9.42e+05,7.78e+04,4.71e+05,1.61e+08,3.19e+05,0,0,0
IMAGENET,PTB,16,False,False,False,7,2.77e+07,2.01e+07,7.05e+02,6.45e+03,7.59e+06,8.06e+04,2.94e+08,9.42e+05,7.78e+04,4.71e+05,2.93e+08,3.19e+05,0,0,0
IMAGENET,PTB,16,False,False,False,8,2.30e+07,2.01e+07,7.05e+02,6.45e+03,2.87e+06,8.06e+04,6.42e+07,9.42e+05,7.78e+04,4.71e+05,6.23e+07,3.19e+05,0,0,0
IMAGENET,PTB,16,False,False,False,9,4.77e+06,2.77e+06,1.30e+03,1.61e+03,1.96e+06,4.03e+04,1.21e+08,2.59e+05,1.49e+05,2.36e+05,1.20e+08,1.60e+05,0,0,0
IMAGENET,PTB,16,False,False,False,10,1.31e+07,1.01e+07,2.59e+03,6.45e+03,3.04e+06,4.03e+04,8.42e+07,5.69e+05,5.95e+05,4.71e+05,8.24e+07,1.60e+05,0,0,0
IMAGENET,PTB,16,False,False,False,11,1.49e+07,1.01e+07,2.59e+03,6.45e+03,4.84e+06,4.03e+04,1.92e+08,5.69e+05,5.95e+05,4.71e+05,1.90e+08,1.60e+05,0,0,0
IMAGENET,PTB,16,False,False,False,12,1.21e+07,1.01e+07,2.59e+03,6.45e+03,2.04e+06,4.03e+04,6.76e+07,5.69e+05,5.95e+05,4.71e+05,6.58e+07,1.60e+05,0,0,0
IMAGENET,PTB,16,False,False,False,13,2.44e+06,1.42e+06,4.96e+03,1.61e+03,9.94e+05,2.02e+04,8.70e+07,3.20e+05,1.16e+06,2.36e+05,8.52e+07,7.98e+04,0,0,0
IMAGENET,PTB,16,False,False,False,14,3.46e+06,2.59e+06,9.93e+03,3.22e+03,8.34e+05,2.02e+04,5.22e+07,1.05e+06,4.65e+06,4.71e+05,4.59e+07,7.98e+04,0,0,0
IMAGENET,PTB,16,False,False,False,15,4.34e+06,2.59e+06,9.93e+03,3.22e+03,1.71e+06,2.02e+04,7.99e+07,1.05e+06,4.65e+06,4.71e+05,7.37e+07,7.98e+04,0,0,0
IMAGENET,PTB,16,False,False,False,16,1.91e+06,8.97e+05,9.93e+03,3.22e+03,9.81e+05,2.24e+04,7.47e+07,8.72e+05,4.65e+06,4.71e+05,6.87e+07,7.98e+04,0,0,0
CIFAR10DVS,ComPASS,0,True,True,True,1,2.94e+07,2.55e+07,4.92e+00,3.37e+04,1.67e+06,2.13e+06,4.53e+07,6.85e+04,4.75e+01,2.73e+05,3.83e+07,6.67e+06,0.73,0.918,0.518
CIFAR10DVS,ComPASS,0,True,True,True,2,5.16e+06,1.89e+06,3.04e+02,3.37e+04,2.70e+06,5.32e+05,5.56e+08,5.33e+05,3.36e+04,2.46e+06,5.51e+08,1.67e+06,0.69,0.912,0.431
CIFAR10DVS,ComPASS,0,True,True,True,3,2.26e+06,1.06e+06,3.41e+02,1.68e+04,1.05e+06,1.33e+05,1.21e+08,1.55e+05,3.77e+04,6.15e+05,1.20e+08,4.17e+05,0.81,0.884,0.484
CIFAR10DVS,ComPASS,0,True,True,True,4,4.63e+05,2.01e+05,2.57e+02,4.21e+03,2.28e+05,3.41e+04,2.37e+07,3.28e+04,2.84e+04,1.54e+05,2.35e+07,1.04e+05,0.85,0.912,0.364
CIFAR10DVS,ComPASS,0,True,True,True,5,3.94e+04,5.06e+04,6.05e+03,6.58e+01,1.11e+04,1.52e+03,7.28e+06,8.83e+05,5.05e+06,1.71e+04,4.69e+06,1.64e+03,0.77,0.926,0.343
CIFAR10DVS,ComPASS,0,True,True,True,6,1.33e+03,6.13e+02,1.91e+01,1.29e+00,1.21e+02,1.12e+03,2.34e+02,1.66e+02,6.68e+02,2.09e+01,1.85e+03,3.87e+01,1.00,0.898,0.271
DVS128GestureSimplify,PTB,48,False,False,False,1,7.90e+07,4.93e+07,9.50e+00,3.37e+04,2.76e+07,2.13e+06,3.12e+07,1.32e+05,9.16e+01,2.73e+05,2.41e+07,6.67e+06,0,0,0
DVS128GestureSimplify,PTB,48,False,False,False,2,1.13e+08,4.39e+06,7.05e+02,3.37e+04,1.08e+08,5.32e+05,7.68e+08,1.24e+06,7.78e+04,2.46e+06,7.63e+08,1.67e+06,0,0,0
DVS128GestureSimplify,PTB,48,False,False,False,3,3.82e+07,2.20e+06,7.05e+02,1.68e+04,3.59e+07,1.33e+05,1.39e+08,3.19e+05,7.78e+04,6.15e+05,1.38e+08,4.17e+05,0,0,0
DVS128GestureSimplify,PTB,48,False,False,False,4,7.53e+06,5.53e+05,7.05e+02,4.21e+03,6.94e+06,3.41e+04,2.61e+07,9.02e+04,7.78e+04,1.54e+05,2.57e+07,1.04e+05,0,0,0
DVS128GestureSimplify,PTB,48,False,False,False,5,5.28e+05,1.47e+05,1.76e+04,6.58e+01,3.61e+05,1.52e+03,2.65e+07,2.57e+06,1.47e+07,1.71e+04,9.17e+06,1.64e+03,0,0,0
DVS128GestureSimplify,PTB,48,False,False,False,6,9.68e+03,2.29e+03,7.26e+01,1.41e+00,6.20e+03,1.12e+03,2.18e+04,6.32e+02,2.57e+03,2.29e+01,1.86e+04,4.28e+01,0,0,0
DVS128GestureSimplify,ComPASS,32,False,False,False,1,5.22e+07,4.93e+07,9.50e+00,3.37e+04,7.74e+05,2.13e+06,2.50e+07,1.32e+05,9.18e+01,2.73e+05,1.72e+07,6.67e+06,0,0,0
DVS128GestureSimplify,ComPASS,32,False,False,False,2,7.12e+06,4.39e+06,7.05e+02,3.37e+04,2.17e+06,5.32e+05,3.13e+08,1.24e+06,7.80e+04,2.46e+06,3.01e+08,1.67e+06,0,0,0
DVS128GestureSimplify,ComPASS,32,False,False,False,3,3.21e+06,2.20e+06,7.05e+02,1.68e+04,8.59e+05,1.33e+05,5.23e+07,3.19e+05,7.80e+04,6.15e+05,4.92e+07,4.17e+05,0,0,0
DVS128GestureSimplify,ComPASS,32,False,False,False,4,9.53e+05,5.53e+05,7.05e+02,4.21e+03,3.61e+05,3.41e+04,1.64e+07,9.02e+04,7.80e+04,1.54e+05,1.56e+07,1.04e+05,0,0,0
DVS128GestureSimplify,ComPASS,32,False,False,False,5,1.82e+05,1.47e+05,1.76e+04,6.58e+01,1.51e+04,1.52e+03,2.41e+07,2.57e+06,1.47e+07,1.71e+04,6.70e+06,1.64e+03,0,0,0
DVS128GestureSimplify,ComPASS,32,False,False,False,6,3.66e+03,2.29e+03,7.26e+01,1.41e+00,1.79e+02,1.12e+03,9.02e+03,6.32e+02,2.57e+03,2.29e+01,5.04e+03,4.28e+01,0,0,0
DVS128GestureSimplify,PTB,1,False,False,False,1,5.21e+07,4.93e+07,9.50e+00,3.37e+04,6.00e+05,2.13e+06,3.12e+07,1.32e+05,9.16e+01,2.73e+05,2.41e+07,6.67e+06,0,0,0
DVS128GestureSimplify,PTB,1,False,False,False,2,7.35e+06,4.39e+06,7.05e+02,3.37e+04,2.40e+06,5.32e+05,7.68e+08,1.24e+06,7.78e+04,2.46e+06,7.63e+08,1.67e+06,0,0,0
DVS128GestureSimplify,PTB,1,False,False,False,3,3.13e+06,2.20e+06,7.05e+02,1.68e+04,7.85e+05,1.33e+05,1.39e+08,3.19e+05,7.78e+04,6.15e+05,1.38e+08,4.17e+05,0,0,0
DVS128GestureSimplify,PTB,1,False,False,False,4,7.44e+05,5.53e+05,7.05e+02,4.21e+03,1.52e+05,3.41e+04,2.61e+07,9.02e+04,7.78e+04,1.54e+05,2.57e+07,1.04e+05,0,0,0
DVS128GestureSimplify,PTB,1,False,False,False,5,1.81e+05,1.47e+05,1.76e+04,6.58e+01,1.40e+04,1.52e+03,2.65e+07,2.57e+06,1.47e+07,1.71e+04,9.17e+06,1.64e+03,0,0,0
DVS128GestureSimplify,PTB,1,False,False,False,6,3.72e+03,2.29e+03,7.26e+01,1.41e+00,2.36e+02,1.12e+03,2.18e+04,6.32e+02,2.57e+03,2.29e+01,1.86e+04,4.28e+01,0,0,0
